分类,软件,版本,百度网盘链接(填写此处),迅雷网盘链接(填写此处),夸克网盘链接(填写此处),官网链接,
常用软件,Office,激活工具,https://pan.baidu.com/s/1um5urTT6UAFLyKFDEHX1Hw?dp-logid=82769500721283110002&pwd=8888,https://pan.xunlei.com/s/VOqAsTjsfla84YuCIxDPR6cPA1?pwd=gf9w#,https://pan.quark.cn/s/c93303a9d2e9#/list/share/a765adf380fe4d6ab9d7333b78813c06,/,
常用软件,Office,Microsoft365（原Office365）,/,https://pan.xunlei.com/s/VOMNMfhDy5X01OdWp4kkEQt_A1?pwd=7ig4&path=%2FMicrosoft%20365,/,https://m365.cloud.microsoft/,
常用软件,Office,Office365直装版,/,https://pan.xunlei.com/s/VOqJqMHbVqBVUEQP4rggIYJwA1?pwd=iqmd,/,https://m366.cloud.microsoft/,
常用软件,Office,Office 2024 正式版,/,https://pan.xunlei.com/s/VOMNO_gknz5R8RueopNdkAv9A1?pwd=sejs,/,/,安装教程（需要复刻，不要链接）：https://www.ruancang.net/607.html
常用软件,Office,Office2024 专业增强版,https://pan.baidu.com/s/17jA_kk55OU0yoFcpe0b92Q?dp-logid=56195100357528630002&pwd=8888,https://pan.xunlei.com/s/VOiNEgAr2nwl9HBCKgawB1OsA1?pwd=hn82,/,/,安装教程（需要复刻，不要链接）：https://www.ruancang.net/608.html
常用软件,Office,Office 2024 精简版,/,https://pan.xunlei.com/s/VOMNOXDpE-m_qMYRY971Er_dA1?pwd=xy5a,/,/,安装教程（需要复刻，不要链接）：https://www.ruancang.net/609.html
常用软件,Office,Office 2024 精简直装版,/,https://pan.xunlei.com/s/VOZWsx8cZKhF1YCMhMHL4gEbA1?pwd=v86z,/,/,安装教程（需要复刻，不要链接）：https://www.ruancang.net/610.html
常用软件,Office,Office家庭学生版2024,/,https://pan.xunlei.com/s/VOT-n3_e3WIWSbUI9RFm6zqEA1?pwd=8xam,/,/,安装教程（需要复刻，不要链接）：https://www.ruancang.net/611.html
常用软件,Office,Office2021 专业增强版,https://pan.baidu.com/s/1Xzt7OoQFkQAOU7GtslX-8Q?pwd=8888,https://pan.xunlei.com/s/VOiNJBtGJ5gpq7lGYdX_kDsqA1?pwd=338r,/,/,安装教程（需要复刻，不要链接）：https://www.ruancang.net/612.html
常用软件,Office,office家庭学生版2021,/,https://pan.xunlei.com/s/VOT-n6F_8c9_VX788G4Z9jn0A1?pwd=xtpm,/,/,安装教程（需要复刻，不要链接）：https://www.ruancang.net/613.html
常用软件,Office,Office2019 专业增强版,https://pan.baidu.com/s/1lryw0DyEOnBP2alcmCrjjA?pwd=8888,https://pan.xunlei.com/s/VOiNJGoa-u2MuOxoIeLLJgjgA1?pwd=fvsf,/,/,安装教程（需要复刻，不要链接）：https://www.ruancang.net/614.html
常用软件,Office,office家庭学生版2019,/,https://pan.xunlei.com/s/VOT-n930yJ_W_W-11SerjTsfA1?pwd=4jsr,/,/,安装教程（需要复刻，不要链接）：https://www.ruancang.net/615.html
常用软件,Office,Office 2019【Mac】,/,https://pan.xunlei.com/s/VOMNSRNV4qSuU_24E-U6rD8GA1?pwd=6bh9,/,/,
常用软件,Office,Office2016 专业增强版,https://pan.baidu.com/s/1K_zHiaEr5jZCPoyRisoeWw?pwd=8888,https://pan.xunlei.com/s/VOiNJO-2fFbU2d-SbBTmEZbJA1?pwd=3if4,/,/,安装教程（需要复刻，不要链接）：https://www.ruancang.net/617.html
常用软件,Office,office家庭学生版2016,/,https://pan.xunlei.com/s/VOT-nB8wK9qt8VPcjqFk5q2pA1?pwd=99me,/,/,安装教程（需要复刻，不要链接）：https://www.ruancang.net/618.html
常用软件,Office,Office2013 专业增强版,https://pan.baidu.com/s/12u-1epNPudVWBU-om0WSWQ?pwd=8888,https://pan.xunlei.com/s/VOiNJT5POrtTBu4nPdfO2G09A1?pwd=i8wy,/,/,安装教程（需要复刻，不要链接）：https://www.ruancang.net/619.html
常用软件,Office,office家庭学生版2013,/,https://pan.xunlei.com/s/VOT-nDxzSg1ERI8X9IuJAuPHA1?pwd=hg7m,/,/,安装教程（需要复刻，不要链接）：https://www.ruancang.net/620.html
常用软件,Office,Office2010 专业增强版,https://pan.baidu.com/s/1icWXOfZIpn3RnSSqzyB0Eg?pwd=8888,https://pan.xunlei.com/s/VOiNJbDokrZyPms3kV_eOszRA1?pwd=hyjr,/,/,
常用软件,Office,Office2007 专业增强版,https://pan.baidu.com/s/1nc9vL2SxOdWTXzjpIjB1RA?pwd=8888,https://pan.xunlei.com/s/VOiNJgxk-u2MuOxoIeLLJw16A1?pwd=iqf9#,/,/,
常用软件,Office,Office2003 标准版,https://pan.baidu.com/s/11a6TUuS-yCtxvI84dN6fFQ?pwd=8888,https://pan.xunlei.com/s/VOiNJoGDkrZyPms3kV_eP-1WA1?pwd=fexs,/,/,
常用软件,Office,Office 卸载工具,/,https://pan.xunlei.com/s/VOMNNISMnoYsjEM380W-LuYyA1?pwd=vw4z,/,/,
常用软件,Office,Print Conductor 批量打印神器,/,/,https://pan.quark.cn/s/d576987d37d0#/list/share/8a04548ddd354ffb812a400d89980d54,https://www.print-conductor.com/zh,
常用软件,Office,Office 白嫖神器,/,https://pan.xunlei.com/s/VOMNN2lxeKplm5_QOppBf5XeA1?pwd=feyj#,/,/,
常用软件,Office,Mocreak Office Installer一键激活安装Office,/,https://pan.xunlei.com/s/VOhEQq3tsbey7qQD2-xbpopHA1?pwd=4umr#,/,/,
常用软件,Office,Office Tool Plus,/,/,https://pan.quark.cn/s/983d2ec97749#/list/share,https://otp.landian.vip/zh-cn/,
常用软件,Office,不坑盒子,/,https://pan.xunlei.com/s/VOeWlds-oXJcH7SBHmhs9_WzA1?pwd=4y3q,https://pan.quark.cn/s/3f10913c744c#/list/share,https://www.bukenghezi.com/,
常用软件,Office,方方格子Excel专业增强插件,/,https://pan.xunlei.com/s/VOnP-q_YRODisCHDF_uxBcSEA1?pwd=4cfu,/,http://www.ffcell.com/,
常用软件,Office,Excel Tool VSTO工具箱,/,https://pan.xunlei.com/s/VOnOzzspQWoIX469lQc4URwDA1?pwd=wn9j,https://pan.quark.cn/s/f4436fb84cc5#/list/share,/,
常用软件,Office,Office批量打印精灵,/,/,https://pan.quark.cn/s/cb9efadfbf8f#/list/share,https://www.yiyunsoftware.com/,
常用软件,WPS,WPS,https://pan.baidu.com/s/1Cp35IEe6Adr9bwS-FqrSfA?pwd=8888,https://pan.xunlei.com/s/VOiNKIsc-TOWfcrKl93zoTUdA1?pwd=7sdv,/,https://www.wps.cn/,
常用软件,WPS,WPS 手机版(内置激活码),/,/,https://pan.quark.cn/s/8e07f7aff5c1,https://www.wps.cn/,
常用软件,WPS,WPS PDF专业版,/,https://pan.xunlei.com/s/VOP3GI71Ijb-lTNxNiAJ6ET5A1?pwd=tg3f#,/,https://www.wpspdf.cn/,
常用软件,WPS,金山文档,/,/,/,https://www.kdocs.cn/,
常用软件,WPS,WPS 2026专业增强版,/,https://pan.xunlei.com/s/VOzJZRYSGzlbo0uDRmcP0xuhA1?pwd=uzy4#,/,https://www.wps.cn/,
常用软件,WPS,WPS 2025专业版,/,https://pan.xunlei.com/s/VOh7lUE3hS06QVfZhL8tGTyZA1?pwd=td3b#,/,https://www.wps.cn/,
常用软件,WPS,WPS 2024(含VBA),/,https://pan.xunlei.com/s/VOMNVaxC0PkIAKfqcKrJNeOAA1?pwd=v33m#,/,https://www.wps.cn/,
常用软件,WPS,WPS 2023v12.8专业增强版,/,https://pan.xunlei.com/s/VOV83Bzp_4DrkX4o0LoA3gGcA1?pwd=79dk#,/,https://www.wps.cn/,
常用软件,WPS,WPS 2023精简版,/,https://pan.xunlei.com/s/VOV83GRiVkxjt9B8sUQSm5FZA1?pwd=u7hh#,/,https://www.wps.cn/,
常用软件,WPS,WPS 2022(内置激活码),/,https://pan.xunlei.com/s/VOMNVh-KBzZfHjXf2m72e8pSA1?pwd=fjc9#,/,https://www.wps.cn/,
常用软件,WPS,WPS 2021(内置激活码),/,https://pan.xunlei.com/s/VOMNVlCSYuv30CYZbIh6VTDmA1?pwd=dyk3#,/,https://www.wps.cn/,
常用软件,WPS,Print Conductor 批量打印神器,/,/,https://pan.quark.cn/s/d576987d37d0#/list/share/8a04548ddd354ffb812a400d89980d54,https://www.print-conductor.com/zh,
常用软件,WPS,不坑盒子,/,https://pan.xunlei.com/s/VOeWlds-oXJcH7SBHmhs9_WzA1?pwd=4y3q,https://pan.quark.cn/s/3f10913c744c#/list/share,https://www.bukenghezi.com/,
常用软件,WPS,方方格子Excel专业增强插件,/,https://pan.xunlei.com/s/VOnP-q_YRODisCHDF_uxBcSEA1?pwd=4cfu,/,http://www.ffcell.com/,
常用软件,WPS,Office批量打印精灵,/,/,https://pan.quark.cn/s/cb9efadfbf8f#/list/share,https://www.yiyunsoftware.com/,
办公软件,Visio,Microsoft Visio 2024,/,https://pan.xunlei.com/s/VOMNQvrlExitezlNESw8N4N5A1?pwd=gppz,/,https://www.microsoft.com/zh-cn/microsoft-365/visio/,
办公软件,Visio,Microsoft Visio 2021,/,https://pan.xunlei.com/s/VOMNQyS2auZ6shuO436fYb9WA1?pwd=jvec,/,https://www.microsoft.com/zh-cn/microsoft-365/visio/,
办公软件,Visio,Microsoft Visio 2019,/,https://pan.xunlei.com/s/VOMNR0-B_lWoVC33WZq96OufA1?pwd=x3z2,/,https://www.microsoft.com/zh-cn/microsoft-365/visio/,
办公软件,Visio,Microsoft Visio 2016,/,https://pan.xunlei.com/s/VOMNR2F1P_Wwr979ImckSViWA1?pwd=uksw,/,https://www.microsoft.com/zh-cn/microsoft-365/visio/,
办公软件,Visio,Microsoft Visio 2013,/,https://pan.xunlei.com/s/VOMNR4KjExitezlNESw8NBURA1?pwd=hzx2,/,https://www.microsoft.com/zh-cn/microsoft-365/visio/,
办公软件,Visio,Microsoft Visio 2010,/,https://pan.xunlei.com/s/VOMNR72SBl9KzhZa_1_kuW1TA1?pwd=tih5,/,https://www.microsoft.com/zh-cn/microsoft-365/visio/,
办公软件,Visio,Microsoft Visio 2007,/,https://pan.xunlei.com/s/VOMNR93tExitezlNESw8NF7SA1?pwd=iinn,/,https://www.microsoft.com/zh-cn/microsoft-365/visio/,
办公软件,Project,Microsoft Project 2024,/,https://pan.xunlei.com/s/VOMNU-HgmMNmVE8IuMlJ_6XnA1?pwd=v686,/,/,
办公软件,Project,Microsoft Project 2021,/,https://pan.xunlei.com/s/VOMNU1zzO4NnjPrMxzZ8F-QTA1?pwd=cyd3,/,/,
办公软件,Project,Microsoft Project 2019,/,https://pan.xunlei.com/s/VOMNU4VHY5VZS3UceVO7sWM0A1?pwd=76ge,/,/,
办公软件,Project,Microsoft Project 2016,/,https://pan.xunlei.com/s/VOMNU6v8mMNmVE8IuMlJ_AueA1?pwd=n2r8,/,/,
办公软件,Project,Microsoft Project 2013,/,https://pan.xunlei.com/s/VOMNU9JSmnEAeuRNIevDBvkIA1?pwd=4itf,/,/,
办公软件,Project,Microsoft Project 2010,/,https://pan.xunlei.com/s/VOMNUBgUBl9KzhZa_1_kwbN_A1?pwd=jtvi,/,/,
办公软件,Project,Microsoft Project 2007,/,https://pan.xunlei.com/s/VOMNUEFQ4WyxhBUH85Mk3KsOA1?pwd=jbcg,/,/,
办公软件,福昕PDF,福昕PDF2026,/,https://pan.xunlei.com/s/VOplyNmqND0feDD6AYYUGwqmA1?pwd=pbfx#,/,https://www.foxitsoftware.cn/,
办公软件,福昕PDF,福昕PDF2025 win,/,https://pan.xunlei.com/s/VOP5xNMlpLoLl7fLi6wOIKf-A1?pwd=d6xu#,/,https://www.foxitsoftware.cn/,
办公软件,福昕PDF,福昕PDF完整版v2025.1.0.27937,/,https://pan.xunlei.com/s/VOXBgl4oRDGNX_5r1EjLuQPdA1?pwd=ghp5#,/,https://www.foxitsoftware.cn/,
办公软件,福昕PDF,福昕PDF2024专业精简版,/,https://pan.xunlei.com/s/VOXBclGR014eWGbngdYVCh5cA1?pwd=w4jk#,/,https://www.foxitsoftware.cn/,
办公软件,福昕PDF,福昕PDF2024 win,/,https://pan.xunlei.com/s/VOMNPzBXokwKalv9KwgdzCyyA1?pwd=m9pw#,/,https://www.foxitsoftware.cn/,
办公软件,福昕PDF,福昕PDF（手机版),/,https://pan.xunlei.com/s/VOMNQ2Fc2kdf58-ry6gMPNh_A1?pwd=xn9s#,/,https://www.foxitsoftware.cn/,
办公软件,Xmind,XMind 手机版,/,/,https://pan.quark.cn/s/4bc14b14e5bb,https://xmind.cn/,
办公软件,Xmind,XMind2025 v25.07,/,https://pan.xunlei.com/s/VOYiK2SrN699nVDUVVeCMsTCA1?pwd=erx5#,/,https://xmind.cn/,
办公软件,Xmind,Xmind 2025,/,https://pan.xunlei.com/s/VOQBIBHmvVtK2vI3dtMaXUP0A1?pwd=d74u#,/,https://xmind.cn/,
办公软件,Xmind,Xmind 2024,/,https://pan.xunlei.com/s/VOMNaiYEnz5R8RueopNdu23jA1?pwd=vgkr#,/,https://xmind.cn/,
办公软件,Xmind,Xmind 2023,/,https://pan.xunlei.com/s/VOMNawc5Pp_zyq_tjT_voYbeA1?pwd=434d#,/,https://xmind.cn/,
办公软件,Xmind,Xmind 2022,/,https://pan.xunlei.com/s/VOMNb-5qbutM3xhvguuOArMqA1?pwd=3mgj#,/,https://xmind.cn/,
办公软件,Xmind,Xmind 2021,/,https://pan.xunlei.com/s/VOMNb2Hmc5M5NOpPKHWl6EeFA1?pwd=merr#,/,https://xmind.cn/,
办公软件,Xmind,Xmind 2020,/,https://pan.xunlei.com/s/VOMNb55qy5X01OdWp4kkQqJwA1?pwd=6ir6#,/,https://xmind.cn/,
办公软件,Xmind,Xmind 8,/,https://pan.xunlei.com/s/VOMNb7cWul-iSo0VAJUEDWQTA1?pwd=cfaz#,/,https://xmind.cn/,
办公软件,亿图图示,Edraw Max 14,/,https://pan.xunlei.com/s/VOMPV9NgFCdEZ_d9YrBLlLEyA1?pwd=gu3c#,/,https://www.edrawsoft.cn/edrawmax/wb-zhihu.html,
办公软件,亿图图示,Edraw Max 13,/,https://pan.xunlei.com/s/VOMPVC6gbRau83y3_JQf82R4A1?pwd=itjc#,/,https://www.edrawsoft.cn/edrawmax/wb-zhihu.html,
办公软件,亿图图示,Edraw Max 12,/,https://pan.xunlei.com/s/VOMPVEMRY5VZS3UceVO8Xam3A1?pwd=xttz#,/,https://www.edrawsoft.cn/edrawmax/wb-zhihu.html,
办公软件,亿图图示,Edraw Max 10,/,https://pan.xunlei.com/s/VOMPVGkinK57dOSaB7YXUyA3A1?pwd=s543#,/,https://www.edrawsoft.cn/edrawmax/wb-zhihu.html,
办公软件,亿图图示,Edraw Max 9,/,https://pan.xunlei.com/s/VOMPVIraBl9KzhZa_1_laKxwA1?pwd=frhz#,/,https://www.edrawsoft.cn/edrawmax/wb-zhihu.html,
办公软件,EndNote,EndNote2025,/,https://pan.xunlei.com/s/VOQZQt0TuPSUHMR5Uf6BFz03A1?pwd=8e7n#,/,https://web.endnote.com/,
办公软件,EndNote,EndNote 21.5,/,https://pan.xunlei.com/s/VOMPZ36cRQrM2vRsHj15aUneA1?pwd=j3b5#,/,https://web.endnote.com/,
办公软件,EndNote,EndNote 21.4,/,https://pan.xunlei.com/s/VOMPZ5C-RPNfO4kiG8qQ4DcjA1?pwd=xvq2#,/,https://web.endnote.com/,
办公软件,EndNote,EndNote X9,/,https://pan.xunlei.com/s/VOMPZ7TcGZ7GgZrsJ6gnEIH-A1?pwd=en6g#,/,https://web.endnote.com/,
Adobe,Adobe 大师版（含所有Adobe软件）,Adobe正版弹窗提示解决方法以及卸载工具,/,https://pan.xunlei.com/s/VOMDNZlgXlEFHwaJ6MiuwDdtA1?pwd=8p6s,/,/,
Adobe,Adobe 大师版（含所有Adobe软件）,Adobe CS6 大师版,https://pan.baidu.com/s/1mUnjAaZz7RV591okBNTjcg?pwd=8888,/,/,https://www.adobe.com/creativecloud.html,
Adobe,Adobe 大师版（含所有Adobe软件）,Adobe CC 大师版,https://pan.baidu.com/s/1lxc1nXhpXtZORKKioRnllw?pwd=8888,/,/,https://www.adobe.com/creativecloud.html,
Adobe,Adobe 大师版（含所有Adobe软件）,Adobe 2014 大师版,https://pan.baidu.com/s/1-9zI_qU4PI8i6pX80uMyYQ?pwd=8888,/,/,https://www.adobe.com/creativecloud.html,
Adobe,Adobe 大师版（含所有Adobe软件）,Adobe 2015 大师版,https://pan.baidu.com/s/1hHxN_Rg2Fba7lSwxuybu9w?pwd=8888,/,/,https://www.adobe.com/creativecloud.html,
Adobe,Adobe 大师版（含所有Adobe软件）,Adobe 2017 大师版,https://pan.baidu.com/s/1ipnUKqY0ffJOh8HhTbfoaw?pwd=8888,/,/,https://www.adobe.com/creativecloud.html,
Adobe,Adobe 大师版（含所有Adobe软件）,Adobe 2018 大师版,https://pan.baidu.com/s/1nlWJsXsswjd3ANSh_QBs5w?pwd=8888,https://pan.xunlei.com/s/VOMFYXYnHStKNh9aC4zmw1mYA1?pwd=ifqq&path=%2FAdobe%202018,/,https://www.adobe.com/creativecloud.html,
Adobe,Adobe 大师版（含所有Adobe软件）,Adobe 2019 大师版,https://pan.baidu.com/s/14hrb972exZaWH_SSDnvnLQ?pwd=8888,https://pan.xunlei.com/s/VOMFYUewCAsWdmzJPF5BMxxaA1?pwd=quk5&path=%2FAdobe%202019,/,https://www.adobe.com/creativecloud.html,
Adobe,Adobe 大师版（含所有Adobe软件）,Adobe 2020 大师版,https://pan.baidu.com/s/1zjBOP-nlS-XegiVEKIdcNg?pwd=8888,/,/,https://www.adobe.com/creativecloud.html,
Adobe,Adobe 大师版（含所有Adobe软件）,Adobe 2021 大师版,https://pan.baidu.com/s/1JwX2l-06W8bNrASm_Km5WA?pwd=8888,/,/,https://www.adobe.com/creativecloud.html,
Adobe,Adobe 大师版（含所有Adobe软件）,Adobe 2022 大师版,https://pan.baidu.com/s/11nI8p6PQNBX_a3zpc1GrWA?pwd=8888,/,/,https://www.adobe.com/creativecloud.html,
Adobe,Adobe 大师版（含所有Adobe软件）,Adobe 2023 大师版,https://pan.baidu.com/s/1yRc1pl7nsZurHdqy80akXg?pwd=8888,/,/,https://www.adobe.com/creativecloud.html,
Adobe,Adobe 大师版（含所有Adobe软件）,Adobe 2024 大师版,https://pan.baidu.com/s/15ZUj3oj0o3v86u_UGM3hHg?pwd=8888,https://pan.xunlei.com/s/VOMFYCM_KBgW7XH40Ei8Q_76A1?pwd=ty9p,/,https://www.adobe.com/creativecloud.html,
Adobe,Adobe 大师版（含所有Adobe软件）,Adobe 2025 大师版,https://pan.baidu.com/s/1UYxjslR7Sb6pY2xC8VOXaw?pwd=8888,https://pan.xunlei.com/s/VOMFY8RrvAvX74Sa-qXrzqT-A1?pwd=fage,https://pan.quark.cn/s/d8f6a34f0353#/list/share,https://www.adobe.com/creativecloud.html,
Adobe,Adobe全家桶 mac,Adobe全家桶 （mac）2020,/,https://pan.xunlei.com/s/VOMMk5FobRau83y3_JQdxvJKA1?pwd=x4at#,/,https://www.adobe.com/creativecloud.html,
Adobe,Adobe全家桶 mac,Adobe全家桶 （mac）2019,/,https://pan.xunlei.com/s/VOMMk8pOC6tQm2WokN7VCZQUA1?pwd=ekxm#,/,https://www.adobe.com/creativecloud.html,
Adobe,Adobe全家桶 mac,Adobe全家桶 （mac）2018,/,https://pan.xunlei.com/s/VOMMkB_24qSuU_24E-U6L2bYA1?pwd=v49r#,/,https://www.adobe.com/creativecloud.html,
Adobe,Acrobat,Adobe正版弹窗提示解决方法以及卸载工具,/,https://pan.xunlei.com/s/VOMDNZlgXlEFHwaJ6MiuwDdtA1?pwd=8p6s,/,/,
Adobe,Acrobat,Acrobat Pro 2020,https://pan.baidu.com/s/1zuNJP7Fuh-eg7IIae9AO_g?pwd=8888,https://pan.xunlei.com/s/VOic7q-Pb_cdB3blC9DZ5goWA1?pwd=cgwz,/,https://www.adobe.com/acrobat.html,
Adobe,Acrobat,Acrobat Pro 2021,https://pan.baidu.com/s/1WFxP4Ptm7UYK_G30D42Sfg?pwd=8888,https://pan.xunlei.com/s/VOic7n5dY5ajUtvhHh6NZz1IA1?pwd=xbgw,/,https://www.adobe.com/acrobat.html,
Adobe,Acrobat,Acrobat Pro 2022,https://pan.baidu.com/s/1m5F9QevLnWokGMLdr04QYg?pwd=8888,https://pan.xunlei.com/s/VOic7bLtvpwkHnqn3H7LBzlcA1?pwd=k45n,/,https://www.adobe.com/acrobat.html,
Adobe,Acrobat,Acrobat Pro 2023,https://pan.baidu.com/s/1bLZf7ADhsRxfH8yuruFnmA?pwd=8888,https://pan.xunlei.com/s/VOic7H8Dpc7ieYUmh3pNLvcVA1?pwd=s3v9,/,https://www.adobe.com/acrobat.html,
Adobe,Acrobat,Acrobat Pro 2024,https://pan.baidu.com/s/1ts1OS1kJ6Y8Zk4m6oBhjuw?pwd=8888,https://pan.xunlei.com/s/VOic70kmUZdtHgMktHrJqwptA1?pwd=2my5,/,https://www.adobe.com/acrobat.html,
Adobe,Acrobat,Acrobat Pro 2024一键直装版,/,https://pan.xunlei.com/s/VOMFhJir1FrBCVlNYAVfTcNuA1?pwd=tb8b,/,https://www.adobe.com/acrobat.html,
Adobe,Acrobat,Acrobat（mac）2024,/,https://pan.xunlei.com/s/VOMMmSYi0PkIAKfqcKrIrQsaA1?pwd=un35#,/,https://www.adobe.com/acrobat.html,
Adobe,Acrobat,Acrobat Pro 2025,https://pan.baidu.com/s/1u2iXb55CmHiJ9UcIcph3Gg?pwd=8888,https://pan.xunlei.com/s/VOibzYcgKCmR_j1IXWTwio1DA1?pwd=wsgt,/,https://www.adobe.com/acrobat.html,
Adobe,Acrobat,Acrobat Pro 2025绿色便携版,/,https://pan.xunlei.com/s/VOSr9Bpp8R2yiFPyF-9n8HB_A1?pwd=rgnx,/,https://www.adobe.com/acrobat.html,
Adobe,Acrobat,Acrobat Pro 2025一键直装版,/,https://pan.xunlei.com/s/VOMFh7pTnVhnq45jdkaSBmPxA1?pwd=c4wz,/,https://www.adobe.com/acrobat.html,
Adobe,Acrobat,Acrobat Pro 2026,/,https://pan.xunlei.com/s/VOp4CMyI-o4C-BdEs9af91aOA1?pwd=4qed,/,https://www.adobe.com/acrobat.html,
Adobe,Acrobat,Acrobat XI 11.0.23,https://pan.baidu.com/s/1hknqKmWbDrw-Bh1uYRzxbQ?pwd=8888,https://pan.xunlei.com/s/VOic7tWkjkVG6VPSWmigB4uZA1?pwd=v5hi,/,https://www.adobe.com/acrobat.html,
Adobe,Acrobat,Acrobat 增效工具5.0中文版,/,/,https://pan.quark.cn/s/bdd135857b46#/list/share,/,
Adobe,After Effects,Adobe正版弹窗提示解决方法以及卸载工具,/,https://pan.xunlei.com/s/VOMDNZlgXlEFHwaJ6MiuwDdtA1?pwd=8p6s,/,/,
Adobe,After Effects,After Effects 2017,https://pan.baidu.com/s/1s8STahZnq15GxN5nOZkOVQ?pwd=8888,https://pan.xunlei.com/s/VOMFkRiPCAsWdmzJPF5BRt9hA1?pwd=ifkz,/,https://www.adobe.com/products/aftereffects.html,
Adobe,After Effects,After Effects 2018,https://pan.baidu.com/s/1QWOripsAKd8ALzxwcBshQw?pwd=8888,https://pan.xunlei.com/s/VOMFkNtF4ZpQ0LWnhg4m-IfOA1?pwd=6btc,/,https://www.adobe.com/products/aftereffects.html,
Adobe,After Effects,After Effects 2019,https://pan.baidu.com/s/1E-5fRgDv0AYEveto5yOLVA?pwd=8888,https://pan.xunlei.com/s/VOMFkJhcYMgeqL5xXGb0bYlJA1?pwd=fjc2,/,https://www.adobe.com/products/aftereffects.html,
Adobe,After Effects,After Effects 2020,https://pan.baidu.com/s/12rOcSjbgOd1wmkkllR2JWw?pwd=8888,https://pan.xunlei.com/s/VOMFkG5B4jdEiNoBCiUq4mGXA1?pwd=2a96,/,https://www.adobe.com/products/aftereffects.html,
Adobe,After Effects,After Effects 2021,https://pan.baidu.com/s/1Xtu90c9vqOGUKn8Wt41EPw?pwd=8888,https://pan.xunlei.com/s/VOMFkAazzkThfDED9q-zUXPhA1?pwd=x7uw&path=%2F2021,/,https://www.adobe.com/products/aftereffects.html,
Adobe,After Effects,After Effects 2022,https://pan.baidu.com/s/1GOWxLmfIaWGcDHWgcsso3Q?pwd=8888,https://pan.xunlei.com/s/VOMFk6qDEJjbr8DU6wMd_F8IA1?pwd=247h&path=%2F2022,/,https://www.adobe.com/products/aftereffects.html,
Adobe,After Effects,After Effects 2023,https://pan.baidu.com/s/1fmCSxFnWm38C_bP3O0fx_g?pwd=8888,https://pan.xunlei.com/s/VOMFk3VJnUdd2IfUyhxBKFGkA1?pwd=9ttu,/,https://www.adobe.com/products/aftereffects.html,
Adobe,After Effects,After Effects 2024,https://pan.baidu.com/s/15gYnieKU-DFKWUkRvCTOpQ?pwd=8888,https://pan.xunlei.com/s/VOMFjzsj26B3jPwHYTdYYKyRA1?pwd=tjtn,/,https://www.adobe.com/products/aftereffects.html,
Adobe,After Effects,After Effects 2025,https://pan.baidu.com/s/1-54VZYHQ294CD38hHGYUpg?pwd=8888,https://pan.xunlei.com/s/VOMFjBrg8YaptpSELfCXjBpJA1?pwd=kyp5,/,https://www.adobe.com/products/aftereffects.html,
Adobe,After Effects,After Effects 2026,https://pan.baidu.com/s/1IyE6pLJJxqBBJqgUyrP7eg?pwd=8888,https://pan.xunlei.com/s/VOjuSw9F2Y3suQNRbGmeFvFtA1?pwd=kwtk,/,https://www.adobe.com/products/aftereffects.html,
Adobe,After Effects,视觉特效BCC插件,/,https://pan.xunlei.com/s/VOXmTSjTWZmYuCSMsyfQwwNgA1?pwd=8csm,/,/,
Adobe,After Effects mac,After Effects（mac）2025,/,https://pan.xunlei.com/s/VOMMnT_uqQXgJDsOiFfDJ8F4A1?pwd=yx7s#,/,https://www.adobe.com/products/aftereffects.html,
Adobe,After Effects mac,After Effects（mac）2024,/,https://pan.xunlei.com/s/VOMMnd_rqQXgJDsOiFfDJH8QA1?pwd=up5n#,/,https://www.adobe.com/products/aftereffects.html,
Adobe,After Effects mac,After Effects（mac）2021,/,https://pan.xunlei.com/s/VOMMnhL5bRau83y3_JQdzwsNA1?pwd=dp5z#,/,https://www.adobe.com/products/aftereffects.html,
Adobe,After Effects mac,After Effects（mac）2020,/,https://pan.xunlei.com/s/VOMMnkK0mnEAeuRNIevChAMwA1?pwd=e8jj#,/,https://www.adobe.com/products/aftereffects.html,
Adobe,After Effects mac,After Effects（mac）2019,/,https://pan.xunlei.com/s/VOMMnnCA4qSuU_24E-U6N9N0A1?pwd=8su7#,/,https://www.adobe.com/products/aftereffects.html,
Adobe,After Effects mac,After Effects（mac）2018,/,https://pan.xunlei.com/s/VOMMnq5Eul-iSo0VAJUDcxbrA1?pwd=wjyi#,/,https://www.adobe.com/products/aftereffects.html,
Adobe,Animate,Adobe正版弹窗提示解决方法以及卸载工具,/,https://pan.xunlei.com/s/VOMDNZlgXlEFHwaJ6MiuwDdtA1?pwd=8p6s,/,/,
Adobe,Animate,Animate 2025,https://pan.baidu.com/s/1F7tqWQMm9GujhKkXwXSg6w?pwd=8888,https://pan.xunlei.com/s/VOZFJ22GepkvDaoNBUMS8TDUA1?pwd=4szy#,/,https://www.adobe.com/products/animate.html,
Adobe,Animate,Animate 2024,https://pan.baidu.com/s/1CgorVg4TligVyYLP2jIzfw?pwd=8888,https://pan.xunlei.com/s/VOMFlVPJ7bEdhSqit5AkefbyA1?pwd=cb7n#,/,https://www.adobe.com/products/animate.html,
Adobe,Animate,Animate 2023,https://pan.baidu.com/s/1YlTHe94KRpHEKQZ3-IpaAA?pwd=8888,https://pan.xunlei.com/s/VOMFle16Y04Xko99SzKOk-nWA1?pwd=qbgi#,/,https://www.adobe.com/products/animate.html,
Adobe,Animate,Animate 2022,https://pan.baidu.com/s/1IBy9iMppmiNSYoqBbQSfhg?pwd=8888,https://pan.xunlei.com/s/VOMFlhhjzkThfDED9q-zVFMiA1?pwd=7atf#,/,https://www.adobe.com/products/animate.html,
Adobe,Animate,Animate 2021,https://pan.baidu.com/s/1bFZ03zwY6oxQftHyaUEOnQ?pwd=8888,https://pan.xunlei.com/s/VOMFll03ivXRYwlakLQJGuyeA1?pwd=7ctw#,/,https://www.adobe.com/products/animate.html,
Adobe,Animate,Animate 2020,https://pan.baidu.com/s/1ksJXcVhtiCIz12h7-MOeJQ?pwd=8888,https://pan.xunlei.com/s/VOMFlotS26B3jPwHYTdYZBxAA1?pwd=jqr2#,/,https://www.adobe.com/products/animate.html,
Adobe,Animate,Animate 2019,https://pan.baidu.com/s/1Zr0t38wvXsJ4d6i8v5-nbw?pwd=8888,https://pan.xunlei.com/s/VOMFlree7bEdhSqit5AkeqGIA1?pwd=x7ma#,/,https://www.adobe.com/products/animate.html,
Adobe,Animate,Animate 2018,https://pan.baidu.com/s/1X4Kst8ny62Bv4wSPvUqAYA?pwd=8888,https://pan.xunlei.com/s/VOMFluCm8YaptpSELfCXkQKWA1?pwd=h6bj#,/,https://www.adobe.com/products/animate.html,
Adobe,Animate,Animate 2017,https://pan.baidu.com/s/1gORP0XXzPv9c7irQgMpNxQ?pwd=8888,https://pan.xunlei.com/s/VOMFlwq1nVhnq45jdkaSDuznA1?pwd=z4hj#,/,https://www.adobe.com/products/animate.html,
Adobe,Animate mac,Animate（mac）2024,/,https://pan.xunlei.com/s/VOMMpkDlO4NnjPrMxzZ7lYejA1?pwd=hgbq#,/,https://www.adobe.com/products/animate.html,
Adobe,Animate mac,Animate（mac）2021,/,https://pan.xunlei.com/s/VOMMpnpcul-iSo0VAJUDe8SfA1?pwd=4xc8#,/,https://www.adobe.com/products/animate.html,
Adobe,Animate mac,Animate（mac）2020,/,https://pan.xunlei.com/s/VOMMpqc1okwKalv9KwgdYeHaA1?pwd=65gs#,/,https://www.adobe.com/products/animate.html,
Adobe,Animate mac,Animate（mac）2019,/,https://pan.xunlei.com/s/VOMMptmfC6tQm2WokN7VFwNoA1?pwd=2n6i#,/,https://www.adobe.com/products/animate.html,
Adobe,Audition,Adobe正版弹窗提示解决方法以及卸载工具,/,https://pan.xunlei.com/s/VOMDNZlgXlEFHwaJ6MiuwDdtA1?pwd=8p6s,/,/,
Adobe,Audition,Audition 2026,https://pan.baidu.com/s/1oF5z7CZc1BX3LZvEBm34Sw?pwd=8888,https://pan.xunlei.com/s/VOjuURh44Fi755qSW8P4on3YA1?pwd=5uj3#,/,https://www.adobe.com/products/audition.html,
Adobe,Audition,Audition 2025,https://pan.baidu.com/s/1c20D1KU2JDtluhFUIVTFzQ?pwd=8888,https://pan.xunlei.com/s/VOMFnfTriEhDkpUztgIaVJKfA1?pwd=stt3#,/,https://www.adobe.com/products/audition.html,
Adobe,Audition,Audition 2024,https://pan.baidu.com/s/15rdZeKhwphscDsZxPNZlCQ?pwd=8888,https://pan.xunlei.com/s/VOMFniDEzkThfDED9q-zWNG_A1?pwd=efyd#,/,https://www.adobe.com/products/audition.html,
Adobe,Audition,Audition 2023,https://pan.baidu.com/s/1qRRY_8ISPSIGyaTPvGDzsg?pwd=8888,https://pan.xunlei.com/s/VOMFnktGivXRYwlakLQJHnnrA1?pwd=yts2#,/,https://www.adobe.com/products/audition.html,
Adobe,Audition,Audition 2022,https://pan.baidu.com/s/1T1jDbPXvlzJoU68Snt8iag?pwd=8888,https://pan.xunlei.com/s/VOMFno6UOFM60npve62HHQFzA1?pwd=hh9x#,/,https://www.adobe.com/products/audition.html,
Adobe,Audition,Audition 2021,https://pan.baidu.com/s/1uDrqRdls_obaaPrfYzmFtw?pwd=8888,https://pan.xunlei.com/s/VOMFnqHoF3pZj4p-hz_QRz5xA1?pwd=hcxz#,/,https://www.adobe.com/products/audition.html,
Adobe,Audition,Audition 2020,https://pan.baidu.com/s/18eiArvr0ZpfqN_wKnvXw1A?pwd=8888,https://pan.xunlei.com/s/VOMFntFS1FrBCVlNYAVfWa4aA1?pwd=mmqb#,/,https://www.adobe.com/products/audition.html,
Adobe,Audition,Audition 2019,https://pan.baidu.com/s/1sLFaubnLrTKYtomHv-Pn_A?pwd=8888,https://pan.xunlei.com/s/VOMFnvlGUuwAdSsM8Ov6xGTEA1?pwd=4myq#,/,https://www.adobe.com/products/audition.html,
Adobe,Audition,Audition 2018,https://pan.baidu.com/s/1u5qAsFx9C6STwUbIEdgOAA?pwd=8888,https://pan.xunlei.com/s/VOMFnyDI4ZpQ0LWnhg4m0usDA1?pwd=z3xs#,/,https://www.adobe.com/products/audition.html,
Adobe,Audition,Audition 2017,https://pan.baidu.com/s/16EquATk2ITKMusTkQexl7Q?pwd=8888,https://pan.xunlei.com/s/VOMFo-ZwyAs6646DaXQY9mKAA1?pwd=geg5#,/,https://www.adobe.com/products/audition.html,
Adobe,Audition mac,Audition（mac）2025,/,https://pan.xunlei.com/s/VOMMrdolYuv30CYZbIh6-RmuA1?pwd=mfzr#,/,https://www.adobe.com/products/audition.html,
Adobe,Audition mac,Audition（mac）2024,/,https://pan.xunlei.com/s/VOMMsCYsRQrM2vRsHj14RgG2A1?pwd=bswi#,/,https://www.adobe.com/products/audition.html,
Adobe,Audition mac,Audition（mac）2021 m1,/,https://pan.xunlei.com/s/VOMMsFP6nz5R8RueopNdLztPA1?pwd=fjpv#,/,https://www.adobe.com/products/audition.html,
Adobe,Audition mac,Audition（mac）2020,/,https://pan.xunlei.com/s/VOMMsHZ90PkIAKfqcKrIuxYQA1?pwd=mh8b#,/,https://www.adobe.com/products/audition.html,
Adobe,Audition mac,Audition（mac）2019,/,https://pan.xunlei.com/s/VOMMsK-4C6tQm2WokN7VHMDZA1?pwd=7n9a#,/,https://www.adobe.com/products/audition.html,
Adobe,Audition mac,Audition（mac）2018,/,https://pan.xunlei.com/s/VOMMsMRLo99O1BlM8d7PFCl6A1?pwd=rtyz#,/,https://www.adobe.com/products/audition.html,
Adobe,Bridge,Adobe正版弹窗提示解决方法以及卸载工具,/,https://pan.xunlei.com/s/VOMDNZlgXlEFHwaJ6MiuwDdtA1?pwd=8p6s,/,/,
Adobe,Bridge,Bridge 2026,/,https://pan.xunlei.com/s/VOg1UeUt3qJq2AVZLCBvMYMMA1?pwd=anuu#,/,https://www.adobe.com/products/bridge.html,
Adobe,Bridge,Bridge 2025,/,https://pan.xunlei.com/s/VOMFom4ynVhnq45jdkaSFKHGA1?pwd=fppr#,/,https://www.adobe.com/products/bridge.html,
Adobe,Bridge,Bridge 2024,/,https://pan.xunlei.com/s/VOMFoobb4ZpQ0LWnhg4m1FySA1?pwd=6v5k#,/,https://www.adobe.com/products/bridge.html,
Adobe,Bridge,Bridge 2023,/,https://pan.xunlei.com/s/VOMFor50zkThfDED9q-zWpiFA1?pwd=7jkn#,/,https://www.adobe.com/products/bridge.html,
Adobe,Bridge,Bridge 2022,/,https://pan.xunlei.com/s/VOMFotOPhMvR_EveOk6kqbTBA1?pwd=r678#,/,https://www.adobe.com/products/bridge.html,
Adobe,Bridge,Bridge 2021,/,https://pan.xunlei.com/s/VOMFovQmjZnD0COF9h4a4wA0A1?pwd=kxcu#,/,https://www.adobe.com/products/bridge.html,
Adobe,Bridge,Bridge 2020,/,https://pan.xunlei.com/s/VOMFoyYoGbaNVvlj9buXWFCMA1?pwd=5iez#,/,https://www.adobe.com/products/bridge.html,
Adobe,Bridge,Bridge 2019,/,https://pan.xunlei.com/s/VOMFp0MuivXRYwlakLQJIROXA1?pwd=duk2#,/,https://www.adobe.com/products/bridge.html,
Adobe,Bridge,Bridge 2018,/,https://pan.xunlei.com/s/VOMFp2a-NUJ9_HysgWqrzuHPA1?pwd=ib3j#,/,https://www.adobe.com/products/bridge.html,
Adobe,Bridge,Bridge 2017,/,https://pan.xunlei.com/s/VOMFp4to8YaptpSELfCXlugxA1?pwd=pytz#,/,https://www.adobe.com/products/bridge.html,
Adobe,Bridge mac,Bridge（mac）2025,/,https://pan.xunlei.com/s/VOMMtGDv7ImNXnAlI1ulv3jMA1?pwd=5wyv#,/,https://www.adobe.com/products/bridge.html,
Adobe,Bridge mac,Bridge（mac）2024,/,https://pan.xunlei.com/s/VOMMtJ7jBl9KzhZa_1_kVONJA1?pwd=fwn7#,/,https://www.adobe.com/products/bridge.html,
Adobe,Bridge mac,Bridge（mac）2021 M1,/,https://pan.xunlei.com/s/VOMMtJ7jBl9KzhZa_1_kVONJA1?pwd=fwn7#,/,https://www.adobe.com/products/bridge.html,
Adobe,Bridge mac,Bridge（mac）2020 M1,/,https://pan.xunlei.com/s/VOMMtd0mO4NnjPrMxzZ7npW8A1?pwd=gc7x#,/,https://www.adobe.com/products/bridge.html,
Adobe,Bridge mac,Bridge（mac）2020,/,https://pan.xunlei.com/s/VOMMtgarPp_zyq_tjT_vI4WiA1?pwd=7ghm#,/,https://www.adobe.com/products/bridge.html,
Adobe,Bridge mac,Bridge（mac）2019,/,https://pan.xunlei.com/s/VOMMtjHU_lWoVC33WZq8hsRhA1?pwd=fneg#,/,https://www.adobe.com/products/bridge.html,
Adobe,Character Animator,Adobe正版弹窗提示解决方法以及卸载工具,/,https://pan.xunlei.com/s/VOMDNZlgXlEFHwaJ6MiuwDdtA1?pwd=8p6s,/,/,
Adobe,Character Animator,Character Animator 2026,https://pan.baidu.com/s/1gJSaznfRWlC8jfqABPQcUQ?pwd=8888,https://pan.xunlei.com/s/VOkU5cmelUrCKsJ9hHbkrKAoA1?pwd=3ntr#,/,https://www.adobe.com/products/character-animator.html,
Adobe,Character Animator,Character Animator 2025,/,https://pan.xunlei.com/s/VOMLuftG0JUTvMTIqzp9ubHYA1?pwd=4sim#,/,https://www.adobe.com/products/character-animator.html,
Adobe,Character Animator,Character Animator 2024,/,https://pan.xunlei.com/s/VOMLuivy2ePxQXUpfoVEFs5GA1?pwd=a5yx#,/,https://www.adobe.com/products/character-animator.html,
Adobe,Character Animator,Character Animator 2023,/,https://pan.xunlei.com/s/VOMLulN5yRAVZREgUpeDUVTxA1?pwd=s5zr#,/,https://www.adobe.com/products/character-animator.html,
Adobe,Character Animator,Character Animator 2022,/,https://pan.xunlei.com/s/VOMLuoUQTzEVjDFmjitB_8rRA1?pwd=y4ca#,/,https://www.adobe.com/products/character-animator.html,
Adobe,Character Animator,Character Animator 2021,/,https://pan.xunlei.com/s/VOMLuro42ePxQXUpfoVEFv8QA1?pwd=jqaw#,/,https://www.adobe.com/products/character-animator.html,
Adobe,Character Animator,Character Animator 2020,/,https://pan.xunlei.com/s/VOMLuuCfX0ngI3kD3BoBD1DFA1?pwd=6kkr#,/,https://www.adobe.com/products/character-animator.html,
Adobe,Character Animator mac,Character Animator（mac）2025,/,https://pan.xunlei.com/s/VOMN2RoDRQrM2vRsHj14Z6TmA1?pwd=a8q3#,/,https://www.adobe.com/products/character-animator.html,
Adobe,Character Animator mac,Character Animator（mac）2024,/,https://pan.xunlei.com/s/VOMN2Ug4qQXgJDsOiFfDV6SMA1?pwd=iyaw#,/,https://www.adobe.com/products/character-animator.html,
Adobe,Character Animator mac,Character Animator（mac）2021 M1,/,https://pan.xunlei.com/s/VOMN2XqsokwKalv9Kwgdh-8OA1?pwd=6ib6#,/,https://www.adobe.com/products/character-animator.html,
Adobe,Character Animator mac,Character Animator（mac）2020 M1,/,https://pan.xunlei.com/s/VOMN2c6B_lWoVC33WZq8ohlJA1?pwd=cbwh#,/,https://www.adobe.com/products/character-animator.html,
Adobe,Character Animator mac,Character Animator（mac）2020,/,https://pan.xunlei.com/s/VOMN2edwRQrM2vRsHj14ZFcOA1?pwd=6eiu#,/,https://www.adobe.com/products/character-animator.html,
Adobe,Character Animator mac,Character Animator（mac）2019,/,https://pan.xunlei.com/s/VOMN2hKiRPNfO4kiG8qP2huMA1?pwd=jecg#,/,https://www.adobe.com/products/character-animator.html,
Adobe,Character Animator mac,Character Animator（mac）2018,/,https://pan.xunlei.com/s/VOMN2jZpY5VZS3UceVO7YGZgA1?pwd=uck9#,/,https://www.adobe.com/products/character-animator.html,
Adobe,Dimension,Adobe正版弹窗提示解决方法以及卸载工具,/,https://pan.xunlei.com/s/VOMDNZlgXlEFHwaJ6MiuwDdtA1?pwd=8p6s,/,/,
Adobe,Dimension,Dimension 2025,/,https://pan.xunlei.com/s/VORbNDvhITytLXc_Obt7VzYBA1?pwd=em9q#,/,/,
Adobe,Dimension,Dimension 2024,/,https://pan.xunlei.com/s/VOMFqGwbVEuF6Dl_TqAzzVyXA1?pwd=27qt#,/,/,
Adobe,Dimension,Dimension 2023,/,https://pan.xunlei.com/s/VOMFqJkvC53LFehg8us9sn8NA1?pwd=szai#,/,/,
Adobe,Dimension,Dimension 2022,/,https://pan.xunlei.com/s/VOMFqRF3suDtgR-dAmO_N3caA1?pwd=h2ib#,/,/,
Adobe,Dimension,Dimension 2020,/,https://pan.xunlei.com/s/VOMFqUpaYMgeqL5xXGb0eUxwA1?pwd=c8ep#,/,/,
Adobe,Dimension,Dimension 2019,/,https://pan.xunlei.com/s/VOMFq_TQmcmZpj_PYCofAXwfA1?pwd=26qj#,/,/,
Adobe,Dimension,Dimension 4.0.2,/,https://pan.xunlei.com/s/VOik7cUfWE00vXLaxf9emQ47A1?pwd=mbec,/,/,
Adobe,Dimension,Dimension 3.4.4,/,https://pan.xunlei.com/s/VOik7fOtE7oECvrpS2dWi4gwA1?pwd=idtg,/,/,
Adobe,Dimension,Dimension 2.3.1,/,https://pan.xunlei.com/s/VOik7iMTCavGtLFrSQ7rd6dKA1?pwd=27is,/,/,
Adobe,Dimension mac,Dimension（mac）2021 M1,/,https://pan.xunlei.com/s/VOMMuTxdExitezlNESw7z1CvA1?pwd=3i87#,/,/,
Adobe,Dimension mac,Dimension（mac）2020,/,https://pan.xunlei.com/s/VOMMuWoolZaV6altaliU3bUEA1?pwd=kke5#,/,/,
Adobe,Dimension mac,Dimension（mac）2019,/,https://pan.xunlei.com/s/VOMMuZ12E98K5esHXitpTXOSA1?pwd=x499#,/,/,
Adobe,Dreamweaver,Adobe正版弹窗提示解决方法以及卸载工具,/,https://pan.xunlei.com/s/VOMDNZlgXlEFHwaJ6MiuwDdtA1?pwd=8p6s,/,/,
Adobe,Dreamweaver,Dreamweaver 2022,/,https://pan.xunlei.com/s/VOMFs2h31FrBCVlNYAVfYYdfA1?pwd=jv45#,/,https://www.adobe.com/products/dreamweaver.html,
Adobe,Dreamweaver,Dreamweaver 2021,/,https://pan.xunlei.com/s/VOMFsBwOCB_PkOopVoH42rKzA1?pwd=554h#,/,https://www.adobe.com/products/dreamweaver.html,
Adobe,Dreamweaver,Dreamweaver 2020,/,https://pan.xunlei.com/s/VOMFsEm74jdEiNoBCiUq8cSyA1?pwd=spm6#,/,https://www.adobe.com/products/dreamweaver.html,
Adobe,Dreamweaver,Dreamweaver 2017,/,https://pan.xunlei.com/s/VOMFsHCcbb7ryEm_DCddmkG4A1?pwd=na8b#,/,https://www.adobe.com/products/dreamweaver.html,
Adobe,Dreamweaver mac,Dreamweaver（mac）M1 2021,/,https://pan.xunlei.com/s/VOMMvHxORPNfO4kiG8qOxPLgA1?pwd=dvki#,/,https://www.adobe.com/products/dreamweaver.html,
Adobe,Dreamweaver mac,Dreamweaver（mac）2020,/,https://pan.xunlei.com/s/VOMMvKjUcv8jmeL_1Cyuv0S3A1?pwd=s2k3#,/,https://www.adobe.com/products/dreamweaver.html,
Adobe,Dreamweaver mac,Dreamweaver（mac）2019,/,https://pan.xunlei.com/s/VOMMvMqvy5X01OdWp4kjsYyOA1?pwd=232n#,/,https://www.adobe.com/products/dreamweaver.html,
Adobe,Dreamweaver mac,Dreamweaver（mac）2018,/,https://pan.xunlei.com/s/VOMMvOr1auZ6shuO436f9pmLA1?pwd=997v#,/,https://www.adobe.com/products/dreamweaver.html,
Adobe,Illustrator,Adobe正版弹窗提示解决方法以及卸载工具,/,https://pan.xunlei.com/s/VOMDNZlgXlEFHwaJ6MiuwDdtA1?pwd=8p6s,/,/,
Adobe,Illustrator,Illustrator 2026,https://pan.baidu.com/s/1qb93d6trUw4KLEjPY2Cw8w?pwd=8888,https://pan.xunlei.com/s/VOeBhJtNDslryuKvJxBzxPgxA1?pwd=3n7t#,/,https://www.adobe.com/products/illustrator.html,
Adobe,Illustrator,Illustrator 2025合集,https://pan.baidu.com/s/1KBPOSWtMDrp_jhMynbXM0w?pwd=8888,https://pan.xunlei.com/s/VOMFvJaIGCZ_hZ5R9UeWbt1-A1?pwd=u4yd#,/,https://www.adobe.com/products/illustrator.html,
Adobe,Illustrator,Illustrator 2024,https://pan.baidu.com/s/17lOpIciRwn-f8MwO5zMs-A?pwd=8888,https://pan.xunlei.com/s/VOMFvO7tnUdd2IfUyhxBPg-RA1?pwd=id9p#,/,https://www.adobe.com/products/illustrator.html,
Adobe,Illustrator,Illustrator 2023,https://pan.baidu.com/s/1i_o6P1wS1pPWs3spbAuuww?pwd=8888,https://pan.xunlei.com/s/VOMFvR9qKBgW7XH40Ei8aG4iA1?pwd=ydpt#,/,https://www.adobe.com/products/illustrator.html,
Adobe,Illustrator,Illustrator 2022,https://pan.baidu.com/s/1yBxHThQsqb-nw2ZNutO8hg?pwd=8888,https://pan.xunlei.com/s/VOMFvTpTnVhnq45jdkaSIYPiA1?pwd=yvcu#,/,https://www.adobe.com/products/illustrator.html,
Adobe,Illustrator,Illustrator 2021,https://pan.baidu.com/s/1NWVZWPCUUr3z-oXLI0LAOA?pwd=8888,https://pan.xunlei.com/s/VOMFvWOmjZnD0COF9h4a8Db5A1?pwd=q93z#,/,https://www.adobe.com/products/illustrator.html,
Adobe,Illustrator,Illustrator 2020,https://pan.baidu.com/s/1wDjIe7V0MJBbI0is4nkc5Q?pwd=8888,https://pan.xunlei.com/s/VOMFvYlYGbaNVvlj9buXZiDSA1?pwd=a7rk#,/,https://www.adobe.com/products/illustrator.html,
Adobe,Illustrator,Illustrator 2019,https://pan.baidu.com/s/1KjbSUG8pNausn5p2xsvAkg?pwd=8888,https://pan.xunlei.com/s/VOMFvaathMvR_EveOk6ktrM1A1?pwd=nv3h#,/,https://www.adobe.com/products/illustrator.html,
Adobe,Illustrator,Illustrator 2018,https://pan.baidu.com/s/1tiNCgPMh_ukz9morw_kKrQ?pwd=8888,https://pan.xunlei.com/s/VOMFvdw9jZnD0COF9h4a8HijA1?pwd=tkne#,/,https://www.adobe.com/products/illustrator.html,
Adobe,Illustrator,Illustrator 2017,https://pan.baidu.com/s/1cptEoQwcq5jZsPQmyERssQ?pwd=8888,https://pan.xunlei.com/s/VOMFvh3k4jdEiNoBCiUqANqoA1?pwd=6qig#,/,https://www.adobe.com/products/illustrator.html,
Adobe,Illustrator,Illustrator C6,/,https://pan.xunlei.com/s/VOMFvkiemcmZpj_PYCofDBDvA1?pwd=caek#,/,https://www.adobe.com/products/illustrator.html,
Adobe,Illustrator mac,Illustrator（mac）2025,/,https://pan.xunlei.com/s/VOMMvvO3GqkJZ56yXVoMIvrkA1?pwd=246f#,/,https://www.adobe.com/products/illustrator.html,
Adobe,Illustrator mac,Illustrator（mac）2024,/,https://pan.xunlei.com/s/VOMMw-4fokwKalv9KwgdbaEbA1?pwd=c5jn#,/,https://www.adobe.com/products/illustrator.html,
Adobe,Illustrator mac,Illustrator（mac）2021 M1,/,https://pan.xunlei.com/s/VOMMwEoBbutM3xhvguuNeCQfA1?pwd=zrye#,/,https://www.adobe.com/products/illustrator.html,
Adobe,Illustrator mac,Illustrator（mac）2020,/,https://pan.xunlei.com/s/VOMMwHn17ImNXnAlI1ulwxKeA1?pwd=9hms#,/,https://www.adobe.com/products/illustrator.html,
Adobe,Illustrator mac,Illustrator（mac）2019,/,https://pan.xunlei.com/s/VOMMwKCsO4NnjPrMxzZ7pR6kA1?pwd=mjc8#,/,https://www.adobe.com/products/illustrator.html,
Adobe,Illustrator mac,Illustrator（mac）2018,/,https://pan.xunlei.com/s/VOMMwNRabRau83y3_JQe4DySA1?pwd=a2aj#,/,https://www.adobe.com/products/illustrator.html,
Adobe,InCopy,Adobe正版弹窗提示解决方法以及卸载工具,/,https://pan.xunlei.com/s/VOMDNZlgXlEFHwaJ6MiuwDdtA1?pwd=8p6s,/,/,
Adobe,InCopy,InCopy 2025,/,https://pan.xunlei.com/s/VOMLmAztHOAc939h5v5P2VKbA1?pwd=b59x#,/,https://www.adobe.com/products/incopy.html,
Adobe,InCopy,InCopy 2024,/,https://pan.xunlei.com/s/VOMLmSFQUYKd4oEBJqHMr8mDA1?pwd=b5a7#,/,https://www.adobe.com/products/incopy.html,
Adobe,InCopy,InCopy 2023,/,https://pan.xunlei.com/s/VOMLmVWaKlW9vsanUdO2l-_PA1?pwd=pc3n#,/,https://www.adobe.com/products/incopy.html,
Adobe,InCopy,InCopy 2022,/,https://pan.xunlei.com/s/VOMLmYZOCD6N1hpGSZnrLi61A1?pwd=hmvh#,/,https://www.adobe.com/products/incopy.html,
Adobe,InCopy,InCopy 2021,/,https://pan.xunlei.com/s/VOMLma8m_d5ZiHSGTVVCE4OQA1?pwd=jgrs#,/,https://www.adobe.com/products/incopy.html,
Adobe,InCopy,InCopy 2020,/,https://pan.xunlei.com/s/VOMLmcox32xH5ZVmmOuWvFlKA1?pwd=i4i3#,/,https://www.adobe.com/products/incopy.html,
Adobe,InCopy,InCopy 2019,/,https://pan.xunlei.com/s/VOMLmfT7Z1U4sbnXKmGe0dQmA1?pwd=c7md#,/,https://www.adobe.com/products/incopy.html,
Adobe,InCopy,InCopy 2018,/,https://pan.xunlei.com/s/VOMLmhinNdn4K7GWYIVSVbnpA1?pwd=jy7f#,/,https://www.adobe.com/products/incopy.html,
Adobe,InCopy,InCopy 2017,/,https://pan.xunlei.com/s/VOMLmlCgWgz5UA1u8jSImkhpA1?pwd=ystk#,/,https://www.adobe.com/products/incopy.html,
Adobe,InCopy mac,InCopy（mac）2024,/,https://pan.xunlei.com/s/VOMMx9qFqQXgJDsOiFfDPl6GA1?pwd=w33k#,/,https://www.adobe.com/products/incopy.html,
Adobe,InCopy mac,InCopy（mac）2021 M1,/,https://pan.xunlei.com/s/VOMMxEaOcv8jmeL_1CyuwNvCA1?pwd=du2q#,/,https://www.adobe.com/products/incopy.html,
Adobe,InCopy mac,InCopy（mac）2020,/,https://pan.xunlei.com/s/VOMMxHJsGZ7GgZrsJ6gm9HBOA1?pwd=xysi#,/,https://www.adobe.com/products/incopy.html,
Adobe,InCopy mac,InCopy（mac）2019,/,https://pan.xunlei.com/s/VOMMxKFfeKplm5_QOppBM00IA1?pwd=zage#,/,https://www.adobe.com/products/incopy.html,
Adobe,InDesign,Adobe正版弹窗提示解决方法以及卸载工具,/,https://pan.xunlei.com/s/VOMDNZlgXlEFHwaJ6MiuwDdtA1?pwd=8p6s,/,/,
Adobe,InDesign,InDesign 2025,/,https://pan.xunlei.com/s/VOMLoIgY_Ha0lC-5d2edLl0-A1?pwd=v68n#,/,https://www.adobe.com/products/indesign.html,
Adobe,InDesign,InDesign 2024,/,https://pan.xunlei.com/s/VOMLoL_LtW0sP3bW6tsEsQjQA1?pwd=dbmg#,/,https://www.adobe.com/products/indesign.html,
Adobe,InDesign,InDesign 2023,/,https://pan.xunlei.com/s/VOMLoO2VpZCr2a2OJPTLKdpMA1?pwd=xajm#,/,https://www.adobe.com/products/indesign.html,
Adobe,InDesign,InDesign 2022,/,https://pan.xunlei.com/s/VOMLoQLUGXMyle-BbURCECBaA1?pwd=bph6#,/,https://www.adobe.com/products/indesign.html,
Adobe,InDesign,InDesign 2021,/,https://pan.xunlei.com/s/VOMLoT3ctEvuNiOCFuBlAGdGA1?pwd=ianx#,/,https://www.adobe.com/products/indesign.html,
Adobe,InDesign,InDesign 2020,/,https://pan.xunlei.com/s/VOMLoVNutoMV6oW5HY9wjA9OA1?pwd=9xgu#,/,https://www.adobe.com/products/indesign.html,
Adobe,InDesign,InDesign 2019,/,https://pan.xunlei.com/s/VOMLoXymtEvuNiOCFuBlAJ2MA1?pwd=vvsk#,/,https://www.adobe.com/products/indesign.html,
Adobe,InDesign,InDesign 2018,/,https://pan.xunlei.com/s/VOMLo_YGWgz5UA1u8jSInTtIA1?pwd=bgbr#,/,https://www.adobe.com/products/indesign.html,
Adobe,InDesign,InDesign 2017,/,https://pan.xunlei.com/s/VOMLoeaG84u5XQZemTOl0b0MA1?pwd=6kzt#,/,https://www.adobe.com/products/indesign.html,
Adobe,InDesign mac,InDesign（mac）2024,/,https://pan.xunlei.com/s/VOMMySMERQrM2vRsHj14VaBzA1?pwd=42n9#,/,https://www.adobe.com/products/indesign.html,
Adobe,InDesign mac,InDesign（mac）2021 M1,/,https://pan.xunlei.com/s/VOMMyX1jc5M5NOpPKHWkcepVA1?pwd=q6h4#,/,https://www.adobe.com/products/indesign.html,
Adobe,InDesign mac,InDesign（mac）2020,/,https://pan.xunlei.com/s/VOMMybeBqQXgJDsOiFfDQvaOA1?pwd=bp8r#,/,https://www.adobe.com/products/indesign.html,
Adobe,InDesign mac,InDesign（mac）2019,/,https://pan.xunlei.com/s/VOMMyfeNGZ7GgZrsJ6gmADQMA1?pwd=qynz#,/,https://www.adobe.com/products/indesign.html,
Adobe,InDesign mac,InDesign（mac）2018,/,https://pan.xunlei.com/s/VOMMyjI5noYsjEM380W-2kfWA1?pwd=bw2z#,/,https://www.adobe.com/products/indesign.html,
Adobe,Lightroom,Adobe正版弹窗提示解决方法以及卸载工具,/,https://pan.xunlei.com/s/VOMDNZlgXlEFHwaJ6MiuwDdtA1?pwd=8p6s,/,/,
Adobe,Lightroom,Lightroom 手机版,/,/,https://pan.quark.cn/s/a307df1ab9cb,https://www.adobe.com/products/photoshop-lightroom.html,
Adobe,Lightroom,Lightroom 2026,https://pan.baidu.com/s/1K5wSm51NpSwfY9hwQU-kog?pwd=8888,https://pan.xunlei.com/s/VOeBh_fihjCGbhMQnjZAkoXoA1?pwd=pixh#,/,https://www.adobe.com/products/photoshop-lightroom.html,
Adobe,Lightroom,Lightroom 2025合集,https://pan.baidu.com/s/1BWoWgwRjmwIvpapxPcKB9g?pwd=8888,https://pan.xunlei.com/s/VOMLqzebkAl_1diuWqfc2jrHA1?pwd=5thz#,/,https://www.adobe.com/products/photoshop-lightroom.html,
Adobe,Lightroom,Lightroom 2024,https://pan.baidu.com/s/1pq9PoYPnW50SJaV1yY9XRw?pwd=8888,https://pan.xunlei.com/s/VOMLr49aNd1B7GzTqHFl0L4nA1?pwd=hf9y#,/,https://www.adobe.com/products/photoshop-lightroom.html,
Adobe,Lightroom,Lightroom 2023,/,https://pan.xunlei.com/s/VOMLr9P8zfNm-xpr2wOTEsM9A1?pwd=98ng#,/,https://www.adobe.com/products/photoshop-lightroom.html,
Adobe,Lightroom,Lightroom 2022,/,https://pan.xunlei.com/s/VOMLrCvbOeOjBRXztGGndqYtA1?pwd=q6cp#,/,https://www.adobe.com/products/photoshop-lightroom.html,
Adobe,Lightroom,Lightroom 2021,/,https://pan.xunlei.com/s/VOMLrF487Lbz5UD1SSyoknsHA1?pwd=5qas#,/,https://www.adobe.com/products/photoshop-lightroom.html,
Adobe,Lightroom,Lightroom 2020,/,https://pan.xunlei.com/s/VOMLrHTytW0sP3bW6tsEtZUoA1?pwd=tcf6#,/,https://www.adobe.com/products/photoshop-lightroom.html,
Adobe,Lightroom,Lightroom 2019,/,https://pan.xunlei.com/s/VOMLrJf8Ndn4K7GWYIVSXSDOA1?pwd=3c28#,/,https://www.adobe.com/products/photoshop-lightroom.html,
Adobe,Lightroom,Lightroom 2018,/,https://pan.xunlei.com/s/VOMLrNWJ3n0faTzFrsJt5SyHA1?pwd=j9u2#,/,https://www.adobe.com/products/photoshop-lightroom.html,
Adobe,Lightroom,Lightroom CS6,/,https://pan.xunlei.com/s/VOMLrR3jzfNm-xpr2wOTEyXBA1?pwd=zb7k#,/,https://www.adobe.com/products/photoshop-lightroom.html,
Adobe,Lightroom,Lightroom Classic 12.3,https://pan.baidu.com/s/1GpsckMUhB8RDJQj_-aIvcA?pwd=8888,https://pan.xunlei.com/s/VOihaEugkCFiWcxauk9l-_w0A1?pwd=rqm6,/,https://www.adobe.com/products/photoshop-lightroom.html,
Adobe,Lightroom,Lightroom Classic 11.5,https://pan.baidu.com/s/1uabKlMqr_eB9bh6YoGQcww?pwd=8888,https://pan.xunlei.com/s/VOihaH_Owq_7cFgeiGoXpwWLA1?pwd=8b9w,/,https://www.adobe.com/products/photoshop-lightroom.html,
Adobe,Lightroom,Lightroom Classic 10.4,https://pan.baidu.com/s/1S6JYLYWwZiXfKyiSfCVubw?pwd=8888,https://pan.xunlei.com/s/VOihaKRYs8dO9wNS9VHi3KsNA1?pwd=8at9,/,https://www.adobe.com/products/photoshop-lightroom.html,
Adobe,Lightroom,Lightroom Classic 8.4.1,https://pan.baidu.com/s/18IXC53fnXlvuviDJv1x8bQ?pwd=8888,https://pan.xunlei.com/s/VOihaMejKqLuV2eAplP2WPeIA1?pwd=54z9,/,https://www.adobe.com/products/photoshop-lightroom.html,
Adobe,Lightroom,Lightroom Classic 7.5,https://pan.baidu.com/s/1jUsSNaaUhQYKlQ8OXLE9BA?pwd=8888,https://pan.xunlei.com/s/VOihaP29quaSERfr0muwgUgtA1?pwd=vvyg,/,https://www.adobe.com/products/photoshop-lightroom.html,
Adobe,Lightroom mac,Lightroom（mac）14.0.1,/,https://pan.xunlei.com/s/VOMN-5ycBzZfHjXf2m72Fz4kA1?pwd=7fmj#,/,https://www.adobe.com/products/photoshop-lightroom.html,
Adobe,Lightroom mac,Lightroom（mac）13,/,https://pan.xunlei.com/s/VOMN-AzZcv8jmeL_1CyuyaXrA1?pwd=cumz#,/,https://www.adobe.com/products/photoshop-lightroom.html,
Adobe,Lightroom mac,Lightroom（mac）12.4,/,https://pan.xunlei.com/s/VOMN-DgzGqkJZ56yXVoMLmRpA1?pwd=rjws#,/,https://www.adobe.com/products/photoshop-lightroom.html,
Adobe,Lightroom mac,Lightroom（mac）10.3 M1,/,https://pan.xunlei.com/s/VOMN-UFnY5VZS3UceVO7VwPDA1?pwd=ne7v#,/,https://www.adobe.com/products/photoshop-lightroom.html,
Adobe,Lightroom mac,Lightroom（mac）2020,/,https://pan.xunlei.com/s/VOMN-YI_GqkJZ56yXVoMM-q3A1?pwd=kkmf#,/,https://www.adobe.com/products/photoshop-lightroom.html,
Adobe,Lightroom mac,Lightroom（mac）2019,/,https://pan.xunlei.com/s/VOMN-hlG7ImNXnAlI1um-SYIA1?pwd=e9yv#,/,https://www.adobe.com/products/photoshop-lightroom.html,
Adobe,Media Encoder,Adobe正版弹窗提示解决方法以及卸载工具,/,https://pan.xunlei.com/s/VOMDNZlgXlEFHwaJ6MiuwDdtA1?pwd=8p6s,/,/,
Adobe,Media Encoder,Media Encoder 2026,https://pan.baidu.com/s/1JgpFNvXV_bTW87XthQoLqg?pwd=8888,https://pan.xunlei.com/s/VOjuTfNLhB2LHT_us9aFPjysA1?pwd=m583#,/,https://www.adobe.com/products/media-encoder.html,
Adobe,Media Encoder,Media Encoder 2025,/,https://pan.xunlei.com/s/VOMLtS0ViePRVOoVnk_m-mdHA1?pwd=8j7w#,/,https://www.adobe.com/products/media-encoder.html,
Adobe,Media Encoder,Media Encoder 2024,/,https://pan.xunlei.com/s/VOMLtV0d84u5XQZemTOl2uM5A1?pwd=36p8#,/,https://www.adobe.com/products/media-encoder.html,
Adobe,Media Encoder,Media Encoder 2023,/,https://pan.xunlei.com/s/VOMLtXatFdK6PZ-cl0XyzxU6A1?pwd=epxm#,/,https://www.adobe.com/products/media-encoder.html,
Adobe,Media Encoder,Media Encoder 2022,/,https://pan.xunlei.com/s/VOMLt_Gqb4z6tC5qX5QAgWjtA1?pwd=rvch#,/,https://www.adobe.com/products/media-encoder.html,
Adobe,Media Encoder,LMedia Encoder 2021,/,https://pan.xunlei.com/s/VOMLtbnwpmyfNvOGw8P-v9t-A1?pwd=zpp2#,/,https://www.adobe.com/products/media-encoder.html,
Adobe,Media Encoder,Media Encoder 2020,/,https://pan.xunlei.com/s/VOMLtf5k2ePxQXUpfoVEFT05A1?pwd=tvrv#,/,https://www.adobe.com/products/media-encoder.html,
Adobe,Media Encoder,Media Encoder 2019,/,https://pan.xunlei.com/s/VOMLthMZkAl_1diuWqfc3jkyA1?pwd=ctz9#,/,https://www.adobe.com/products/media-encoder.html,
Adobe,Media Encoder,Media Encoder 2018,/,https://pan.xunlei.com/s/VOMLx56VOeOjBRXztGGngD8AA1?pwd=8acf#,/,https://www.adobe.com/products/media-encoder.html,
Adobe,Media Encoder,Media Encoder 2017,/,https://pan.xunlei.com/s/VOMLtllEYnrZdm4AlrB7xPfJA1?pwd=8f8q#,/,https://www.adobe.com/products/media-encoder.html,
Adobe,Media Encoder mac,Media Encoder（mac）2024,/,https://pan.xunlei.com/s/VOMN1KzMnoYsjEM380W-5L11A1?pwd=r2g2#,/,https://www.adobe.com/products/media-encoder.html,
Adobe,Media Encoder mac,Media Encoder（mac）2021 M1,/,https://pan.xunlei.com/s/VOMN1ORSE-m_qMYRY970xyRkA1?pwd=9sny#,/,https://www.adobe.com/products/media-encoder.html,
Adobe,Media Encoder mac,Media Encoder（mac）2020,/,https://pan.xunlei.com/s/VOMN1ROsnz5R8RueopNdT8ZhA1?pwd=v6qd#,/,https://www.adobe.com/products/media-encoder.html,
Adobe,Media Encoder mac,Media Encoder（mac）2019,/,https://pan.xunlei.com/s/VOMN1UDrcv8jmeL_1Cyv-7agA1?pwd=chex#,/,https://www.adobe.com/products/media-encoder.html,
Adobe,Media Encoder mac,Media Encoder（mac）2018,/,https://pan.xunlei.com/s/VOMN1XAwUOhl-Kq49sScDMELA1?pwd=m8kq#,/,https://www.adobe.com/products/media-encoder.html,
Adobe,Photoshop,Adobe正版弹窗提示解决方法,/,https://pan.xunlei.com/s/VOMDNZlgXlEFHwaJ6MiuwDdtA1?pwd=8p6s#,/,/,
Adobe,Photoshop,手机版 PS,/,/,https://pan.quark.cn/s/352d3264c038,https://www.adobe.com/products/photoshop.html,
Adobe,Photoshop,PS(Beta)25.11.2675集成ComfyUI,/,https://pan.xunlei.com/s/VOMDSUH_wAEOuFjUkKzutzJwA1?pwd=qvyk#,/,https://www.adobe.com/products/photoshop.html,
Adobe,Photoshop,Photoshop 2026,https://pan.baidu.com/s/1Q6TeRLrWyCQOUBuyF-stzQ?pwd=8888,https://pan.xunlei.com/s/VObQtB9a7DGnAgyUqmfKiflwA1?pwd=pjhy#,https://pan.quark.cn/s/d894abd4f48b,https://www.adobe.com/products/photoshop.html,
Adobe,Photoshop,Photoshop2025合集,https://pan.baidu.com/s/1l_asGaHSS5RQvXcRGfrv-w?pwd=8888,https://pan.xunlei.com/s/VOMDQfxQGwbq3dXvL2a0HEAxA1?pwd=vrzi#,https://pan.quark.cn/s/cf3a5803f177,https://www.adobe.com/products/photoshop.html,
Adobe,Photoshop,PS2025神经滤镜,/,https://pan.xunlei.com/s/VOMDRmT33hFAgVwTBEHQqS2rA1?pwd=v7vm#,/,/,
Adobe,Photoshop,PS绿色免安装版合集,/,https://pan.xunlei.com/s/VOQzcJtWg2501GivpAOUokDBA1?pwd=t3ur#,https://pan.quark.cn/s/42c910ec496a,https://www.adobe.com/products/photoshop.html,
Adobe,Photoshop,Photoshop2024终版,/,https://pan.xunlei.com/s/VOMDTUw5SJz_H4XAL7oB30sSA1?pwd=rwp3#,https://pan.quark.cn/s/80f2a0adbda0,https://www.adobe.com/products/photoshop.html,
Adobe,Photoshop,Photoshop2024,https://pan.baidu.com/s/12vLMnYuZx-cc8mODEYY5ww?pwd=8888,https://pan.xunlei.com/s/VOMFRIFVmmKtiCFXXos5H5qHA1?pwd=m26s#,https://pan.quark.cn/s/80f2a0adbda0,https://www.adobe.com/products/photoshop.html,
Adobe,Photoshop,PS2024神经滤镜,/,https://pan.xunlei.com/s/VOMDRyl_6FMC7x8oNL9n9r_5A1?pwd=r9z4#,/,/,
Adobe,Photoshop,Photoshop2023,https://pan.baidu.com/s/1TfSESQzbPIAPJaFR4xxwZw?pwd=6666,https://pan.xunlei.com/s/VOMDV0t5qDkS1CUvmYIMc2OyA1?pwd=sedf#,https://pan.quark.cn/s/d09e6b9659de,https://www.adobe.com/products/photoshop.html,
Adobe,Photoshop,Photoshop2022,https://pan.baidu.com/s/1C9cLidwmo_-mOKMcJCLDpA?pwd=6666,https://pan.xunlei.com/s/VOMDVDZdx3pvwdkU7w7cLvMFA1?pwd=gbx3#,https://pan.quark.cn/s/d09e6b9659de,https://www.adobe.com/products/photoshop.html,
Adobe,Photoshop,Photoshop2021,https://pan.baidu.com/s/1T0HCQzi11Rrk_2hQUSVFZQ?pwd=6666,https://pan.xunlei.com/s/VOMDVR4LBtWIoWseDJbMjIHNA1?pwd=c7iq#,https://pan.quark.cn/s/d09e6b9659de,https://www.adobe.com/products/photoshop.html,
Adobe,Photoshop,Photoshop2020,https://pan.baidu.com/s/1Pi_kiG2hUuYOZrtwH6HouA?pwd=6666,https://pan.xunlei.com/s/VOMDVZjJRfBU6bIMABwrvsFkA1?pwd=txwk#,https://pan.quark.cn/s/84379431cc8e,https://www.adobe.com/products/photoshop.html,
Adobe,Photoshop,Photoshop2019,https://pan.baidu.com/s/17-Xwi-WcoIV6vdW7TsX4Dg?pwd=6666,https://pan.xunlei.com/s/VOMDVgk8rdhYzhVwLOcco6TEA1?pwd=ub8v#,https://pan.quark.cn/s/e3fc4f54c409,https://www.adobe.com/products/photoshop.html,
Adobe,Photoshop,Photoshop2018,https://pan.baidu.com/s/1uWVwqiT3Wq-XLSwwpx5ugw?pwd=6666,https://pan.xunlei.com/s/VOMDVrYOqDkS1CUvmYIMcXDTA1?pwd=4c2e#,https://pan.quark.cn/s/a0890188ffad,https://www.adobe.com/products/photoshop.html,
Adobe,Photoshop,Photoshop2017,https://pan.baidu.com/s/1lC9nlWKn4byzZKZZ0LblWA?pwd=6666,https://pan.xunlei.com/s/VOMDVyuQQJcEBTXbCLESChnJA1?pwd=vh8h#,/,https://www.adobe.com/products/photoshop.html,
Adobe,Photoshop,PhotoshopCS6,/,https://pan.xunlei.com/s/VOMDWBeh3iSxf3rYI37VWaRPA1?pwd=r4yp#,/,https://www.adobe.com/products/photoshop.html,
Adobe,Photoshop,PS全套插件一键安装版,/,https://pan.xunlei.com/s/VOXWPaeFJA0NmjwmYCHFp2YkA1?pwd=r23s#,https://pan.quark.cn/s/486b4a08a26c,/,
Adobe,Photoshop,PS插件合集,/,https://pan.xunlei.com/s/VOMDOXgZypKrTJe68y6d-BoLA1?pwd=a53a#,/,/,
Adobe,Photoshop mac,Photoshop(mac) 2025V26.1,/,https://pan.xunlei.com/s/VOMMi2Dc_lWoVC33WZq8ao2xA1?pwd=r3yq#,/,https://www.adobe.com/products/photoshop.html,
Adobe,Photoshop mac,Photoshop(mac) 2024V25.11,/,https://pan.xunlei.com/s/VOMMi8bcqQXgJDsOiFfDG4fZA1?pwd=tcvv#,/,https://www.adobe.com/products/photoshop.html,
Adobe,Photoshop mac,Photoshop(mac) 2024V25.7,/,https://pan.xunlei.com/s/VOMMiD9ogsHi-aGy0KHpve0FA1?pwd=nu9d#,/,https://www.adobe.com/products/photoshop.html,
Adobe,Photoshop mac,Photoshop(mac) 2021,/,https://pan.xunlei.com/s/VOMMiNlpUOhl-Kq49sSc0tzdA1?pwd=2tei#,/,https://www.adobe.com/products/photoshop.html,
Adobe,Photoshop mac,Photoshop(mac) 2020,/,https://pan.xunlei.com/s/VOMMiUaMRPNfO4kiG8qOpZ_QA1?pwd=hsgb#,/,https://www.adobe.com/products/photoshop.html,
Adobe,Photoshop mac,Photoshop(mac) 2019,/,https://pan.xunlei.com/s/VOMMiY17mnEAeuRNIevCe4nOA1?pwd=tycv#,/,https://www.adobe.com/products/photoshop.html,
Adobe,Photoshop mac,Photoshop(mac) 2018,/,https://pan.xunlei.com/s/VOMMi_dvCtWuA0AY2Y7YTbVNA1?pwd=rpjx#,/,https://www.adobe.com/products/photoshop.html,
Adobe,Photoshop Elements,Adobe正版弹窗提示解决方法,/,https://pan.xunlei.com/s/VOMDNZlgXlEFHwaJ6MiuwDdtA1?pwd=8p6s#,/,/,
Adobe,Photoshop Elements,Photoshop Elements 2024,/,https://pan.xunlei.com/s/VOMM-5SAOtM_nU12h-wkUYMoA1?pwd=2igz#,/,https://www.adobe.com/products/photoshop-elements.html,
Adobe,Photoshop Elements,Photoshop Elements 2023,/,https://pan.xunlei.com/s/VOMM-8EJzfNm-xpr2wOTIYQZA1?pwd=6mbb#,/,https://www.adobe.com/products/photoshop-elements.html,
Adobe,Photoshop Elements,Photoshop Elements 2022,/,https://pan.xunlei.com/s/VOMM-AZPpmyfNvOGw8P-xYQSA1?pwd=rj74#,/,https://www.adobe.com/products/photoshop-elements.html,
Adobe,Photoshop Elements,Photoshop Elements 2021,/,https://pan.xunlei.com/s/VOMM-CrjWgz5UA1u8jSIrrPuA1?pwd=t9ci#,/,https://www.adobe.com/products/photoshop-elements.html,
Adobe,Photoshop Elements,Photoshop Elements 2020,/,https://pan.xunlei.com/s/VOMM-Fhb95EwL4eYVDDr6LlfA1?pwd=zyws#,/,https://www.adobe.com/products/photoshop-elements.html,
Adobe,Prelude,Adobe正版弹窗提示解决方法,/,https://pan.xunlei.com/s/VOMDNZlgXlEFHwaJ6MiuwDdtA1?pwd=8p6s#,/,/,
Adobe,Prelude,Prelude 2022,/,https://pan.xunlei.com/s/VOMLsH0YS8zs87ylwZzU5JQmA1?pwd=wt7q#,/,/,
Adobe,Prelude,Prelude 2021,/,https://pan.xunlei.com/s/VOMLsJbd2ePxQXUpfoVEEqQHA1?pwd=yx8k#,/,/,
Adobe,Prelude,Prelude 2020,/,https://pan.xunlei.com/s/VOMLsNwf95EwL4eYVDDr3UnxA1?pwd=9iv7#,/,/,
Adobe,Prelude,Prelude 2019,/,https://pan.xunlei.com/s/VOMLsQST_Ha0lC-5d2edNQ_VA1?pwd=cs4i#,/,/,
Adobe,Prelude,Prelude 2018,/,https://pan.xunlei.com/s/VOMLsSqLWgz5UA1u8jSIp-qhA1?pwd=xm3b#,/,/,
Adobe,Prelude,Prelude 2017,/,https://pan.xunlei.com/s/VOimMoyBilxnwJBjj9oL9U_TA1?pwd=p37n,/,,
Adobe,Prelude mac,Prelude（mac）2021 M1,/,https://pan.xunlei.com/s/VOMN0SVGcv8jmeL_1CyuzRYMA1?pwd=whr3#,/,/,
Adobe,Prelude mac,Prelude（mac）2020 M1,/,https://pan.xunlei.com/s/VOMN0VgEE98K5esHXitpYN01A1?pwd=ynj5#,/,/,
Adobe,Prelude mac,Prelude（mac）2020,/,https://pan.xunlei.com/s/VOMN0Yvjnz5R8RueopNdSPtGA1?pwd=pxmd#,/,/,
Adobe,Prelude mac,Prelude（mac）2019,/,https://pan.xunlei.com/s/VOMN0aV8butM3xhvguuNiAggA1?pwd=zqwq#,/,/,
Adobe,Prelude mac,Prelude（mac）2018,/,https://pan.xunlei.com/s/VOMN0d0ME-m_qMYRY970xQs7A1?pwd=y9kr#,/,/,
Adobe,Premiere Pro,Adobe正版弹窗提示解决方法,/,https://pan.xunlei.com/s/VOMDNZlgXlEFHwaJ6MiuwDdtA1?pwd=8p6s#,/,/,
Adobe,Premiere Pro,Premiere 2026,https://pan.baidu.com/s/1kd6udWv7nEtFCZVA4-avBg?pwd=8888,https://pan.xunlei.com/s/VOjp-a9jZA8GkNlFXotP_GgTA1?pwd=z8fi#,https://pan.quark.cn/s/6be50639e7c2,https://www.adobe.com/products/premiere.html,
Adobe,Premiere Pro,Premiere 2025,https://pan.baidu.com/s/18dCUXUgTwY-ZqoMtoogMzQ?pwd=8888,https://pan.xunlei.com/s/VOMFbHXN4jdEiNoBCiUq1JZjA1?pwd=wjca#,https://pan.quark.cn/s/3bfe79972ad6,https://www.adobe.com/products/premiere.html,
Adobe,Premiere Pro,Premiere 2024,https://pan.baidu.com/s/1qiyeu6zZYLjVXOHag5okwQ?pwd=8888,https://pan.xunlei.com/s/VOMFb__xHStKNh9aC4zmxPf6A1?pwd=97dj#,https://pan.quark.cn/s/159eaeaffb71,https://www.adobe.com/products/premiere.html,
Adobe,Premiere Pro,Premiere 2023,https://pan.baidu.com/s/1Run8hhHzybLjMEpvdFIteg?pwd=8888,https://pan.xunlei.com/s/VOMFbiR2Y04Xko99SzKOg8QUA1?pwd=m5gc#,/,https://www.adobe.com/products/premiere.html,
Adobe,Premiere Pro,Premiere 2022,https://pan.baidu.com/s/1ebUaATEp_fSUdOYRPROYeg?pwd=8888,https://pan.xunlei.com/s/VOMFbuZ88YaptpSELfCXgU4TA1?pwd=fjm5#,/,https://www.adobe.com/products/premiere.html,
Adobe,Premiere Pro,Premiere 2021,https://pan.baidu.com/s/1RScOE7BQBbLkqTYACYM-LQ?pwd=8888,https://pan.xunlei.com/s/VOMFc-ckzkThfDED9q-zREDEA1?pwd=fdp2#,/,https://www.adobe.com/products/premiere.html,
Adobe,Premiere Pro,Premiere 2020,https://pan.baidu.com/s/1jQUGajZE48-hAoD_mZ6LCA?pwd=8888,https://pan.xunlei.com/s/VOMFc5B4jZnD0COF9h4a-QnZA1?pwd=tccr#,/,https://www.adobe.com/products/premiere.html,
Adobe,Premiere Pro,Premiere 2019,https://pan.baidu.com/s/1BbyI6SjpEy9Er4_T4jOtYg?pwd=8888,https://pan.xunlei.com/s/VOMFcB1uYMgeqL5xXGb0ZIWWA1?pwd=r2yc#,/,https://www.adobe.com/products/premiere.html,
Adobe,Premiere Pro,Premiere 2018,https://pan.baidu.com/s/1aPE1KJvQOwYgfYM09amZ4w?pwd=8888,https://pan.xunlei.com/s/VOMFcIuJL7k8ZLbrnMqb_RVHA1?pwd=yaat#,/,https://www.adobe.com/products/premiere.html,
Adobe,Premiere Pro,Premiere 2017,https://pan.baidu.com/s/1TKXMU132tAYuV6rCJrhyRA?pwd=8888,https://pan.xunlei.com/s/VOMFcTO4hMvR_EveOk6klJCUA1?pwd=d8fp#,/,https://www.adobe.com/products/premiere.html,
Adobe,Premiere Pro,Premiere 插件,/,https://pan.xunlei.com/s/VOpuo8W5EHnRyf-WirANTtmIA1?pwd=5tvc#,/,https://www.adobe.com/products/premiere.html,
Adobe,Premiere Pro,视觉特效BCC插件Boris FX Continuum,/,https://pan.xunlei.com/s/VOXmTSjTWZmYuCSMsyfQwwNgA1?pwd=8csm#,/,/,
Adobe,Premiere Pro,AE PR BCC插件2025v18Win系统汉化,/,https://pan.xunlei.com/s/VOXmc_gp4BhQx1k0RL7xEI1sA1?pwd=6vkg#,/,/,
Adobe,Premiere Pro,Pr全套插件一键安装,/,https://pan.xunlei.com/s/VObL7yoym1wGK-dM7nGuqiHBA1?pwd=u9ey#,/,/,
Adobe,Premiere mac,Premiere（mac）2024,/,https://pan.xunlei.com/s/VOMMlCc8mnEAeuRNIevCfXmMA1?pwd=pcs4#,/,https://www.adobe.com/products/premiere.html,
Adobe,Premiere mac,Premiere（mac）2021,/,https://pan.xunlei.com/s/VOMMlFhpmMNmVE8IuMlJ2bu2A1?pwd=ztjq#,/,https://www.adobe.com/products/premiere.html,
Adobe,Premiere mac,Premiere（mac）2020,/,https://pan.xunlei.com/s/VOMMlJADRQrM2vRsHj14NjGXA1?pwd=uwms#,/,https://www.adobe.com/products/premiere.html,
Adobe,Premiere mac,Premiere（mac）2019,/,https://pan.xunlei.com/s/VOMMlMggnz5R8RueopNdHiCTA1?pwd=x2cv#,/,https://www.adobe.com/products/premiere.html,
Adobe,Premiere mac,Premiere（mac）2018,/,https://pan.xunlei.com/s/VOMMlPVFgsHi-aGy0KHpxSsCA1?pwd=avr9#,/,https://www.adobe.com/products/premiere.html,
Adobe,Premiere Elements,Adobe正版弹窗提示解决方法,/,https://pan.xunlei.com/s/VOMDNZlgXlEFHwaJ6MiuwDdtA1?pwd=8p6s#,/,/,
Adobe,Premiere Elements,Pr Elements2023,/,https://pan.xunlei.com/s/VOimMyiWUtvfGRYaMhTp6_mdA1?pwd=hbgy,/,https://www.adobe.com/products/premiere-elements.html,
Adobe,Premiere Elements,Pr Elements2022,/,https://pan.xunlei.com/s/VOimN7vQKT77-nwExxmhCZDeA1?pwd=jbuy,/,https://www.adobe.com/products/premiere-elements.html,
Adobe,Premiere Elements,Pr Elements2021,/,https://pan.xunlei.com/s/VOimN9R27StMQIpivaPlcCsQA1?pwd=xaer,/,https://www.adobe.com/products/premiere-elements.html,
Adobe,Premiere Elements,Pr Elements2020,/,https://pan.xunlei.com/s/VOimNB_FFGGWtOc--Jw80mIBA1?pwd=xzia,/,https://www.adobe.com/products/premiere-elements.html,
Adobe,XD,Adobe正版弹窗提示解决方法,/,https://pan.xunlei.com/s/VOMDNZlgXlEFHwaJ6MiuwDdtA1?pwd=8p6s#,/,/,
Adobe,XD,Adobe XD2026,/,https://pan.xunlei.com/s/VOt9-R66hBJOXT-TF_v99CsOA1?pwd=w7bx#,/,/,
Adobe,XD,Adobe XD2025,/,https://pan.xunlei.com/s/VORbNjcWM19fMn7pIaDIOZfLA1?pwd=2icn#,/,/,
Adobe,XD,Adobe XD 57,/,https://pan.xunlei.com/s/VOMLzJckqKMM-zF3EbMrorK1A1?pwd=h6cq#,/,/,
Adobe,XD,Adobe XD 55,/,https://pan.xunlei.com/s/VOMLzO52qKMM-zF3EbMroshUA1?pwd=xe6u#,/,/,
Adobe,XD,Adobe XD 2022,/,https://pan.xunlei.com/s/VOMLzRNiTzEVjDFmjitBaoT7A1?pwd=txnm#,/,/,
Adobe,XD,Adobe XD 2021,/,https://pan.xunlei.com/s/VOMLzWRl7WodX6MkN_8yL8n5A1?pwd=tbdi#,/,/,
Adobe,XD,Adobe XD 2020,/,https://pan.xunlei.com/s/VOMLzb2bGXMyle-BbURCIe9QA1?pwd=9uyh#,/,/,
Adobe,XD,Adobe XD 2019,/,https://pan.xunlei.com/s/VOMLzeX5OtM_nU12h-wkUPbXA1?pwd=numt#,/,/,
Adobe,XD,Adobe XD 2018,/,https://pan.xunlei.com/s/VOMLzhrjzfNm-xpr2wOTIOjAA1?pwd=gcka#,/,/,
Adobe,XD mac,XD（mac）2024,/,https://pan.xunlei.com/s/VOMN3GTfO4NnjPrMxzZ7vAmTA1?pwd=ipxp#,/,/,
Adobe,XD mac,XD（mac）2021,/,https://pan.xunlei.com/s/VOMN3JErbutM3xhvguuNkXbqA1?pwd=kaz7#,/,/,
Adobe,XD mac,XD（mac）2019,/,https://pan.xunlei.com/s/VOMN3L_HRPNfO4kiG8qP39boA1?pwd=wzzp#,/,/,
Adobe,Adobe Speech to Text for PR,Adobe正版弹窗提示解决方法,/,https://pan.xunlei.com/s/VOMDNZlgXlEFHwaJ6MiuwDdtA1?pwd=8p6s#,/,/,
Adobe,Adobe Speech to Text for PR,Speech to Text for PR2025,/,https://pan.xunlei.com/s/VOMM48huzfNm-xpr2wOTKf6GA1?pwd=wi5y#,/,/,
Adobe,Adobe Speech to Text for PR,Speech to Text for PR2024,/,https://pan.xunlei.com/s/VOMM4TzmyRAVZREgUpeDYe34A1?pwd=bjtm#,/,/,
Adobe,Adobe Speech to Text for PR,Speech to Text for PR2023,/,https://pan.xunlei.com/s/VOMM4WWXtEvuNiOCFuBlH1BYA1?pwd=fccw#,/,/,
Adobe,Adobe Speech to Text for PR,Speech to Text for PR2022,/,https://pan.xunlei.com/s/VOMM4Z7btoMV6oW5HY9wpcV_A1?pwd=rvqs#,/,/,
Adobe,Substance 3D Designer,Adobe正版弹窗提示解决方法,/,https://pan.xunlei.com/s/VOMDNZlgXlEFHwaJ6MiuwDdtA1?pwd=8p6s#,/,/,
Adobe,Substance 3D Designer,Substance 3D Designer 2024,/,https://pan.xunlei.com/s/VOMM5siVOtM_nU12h-wkX2f_A1?pwd=wjsb#,/,/,
Adobe,Substance 3D Designer,Substance 3D Designer 2023,/,https://pan.xunlei.com/s/VOMM5ux3b4z6tC5qX5QAlSUwA1?pwd=yx83#,/,/,
Adobe,Substance 3D Designer,Substance 3D Designer 2022,/,https://pan.xunlei.com/s/VOMM5x8Dxd4U9N5NjDVVFjR3A1?pwd=zyn4#,/,/,
Adobe,Substance 3D Designer,Substance 3D Designer 2021,/,https://pan.xunlei.com/s/VOMM5zRdTzEVjDFmjitBdeweA1?pwd=hr8y#,/,/,
Adobe,Substance 3D Painter,Adobe正版弹窗提示解决方法,/,https://pan.xunlei.com/s/VOMDNZlgXlEFHwaJ6MiuwDdtA1?pwd=8p6s#,/,/,
Adobe,Substance 3D Painter,Substance 3D Painter 2024,/,https://pan.xunlei.com/s/VOMM6qP52ePxQXUpfoVELFDkA1?pwd=gxha#,/,/,
Adobe,Substance 3D Painter,Substance 3D Painter 2023,/,https://pan.xunlei.com/s/VOMM6so5pZCr2a2OJPTLS7mUA1?pwd=gma6#,/,/,
Adobe,Substance 3D Painter,Substance 3D Painter 2022,/,https://pan.xunlei.com/s/VOMM6uysKlW9vsanUdO2tFFAA1?pwd=6edy#,/,/,
Adobe,Substance 3D Painter,Substance 3D Painter 2021,/,https://pan.xunlei.com/s/VOMM6x9M7Lbz5UD1SSyorEr5A1?pwd=m7zb#,/,/,
Adobe,Substance 3D Sampler,Adobe正版弹窗提示解决方法,/,https://pan.xunlei.com/s/VOMDNZlgXlEFHwaJ6MiuwDdtA1?pwd=8p6s#,/,/,
Adobe,Substance 3D Sampler,Substance 3D Sampler 2024,/,https://pan.xunlei.com/s/VOMM8o7i2ePxQXUpfoVEM1oyA1?pwd=8xec#,/,/,
Adobe,Substance 3D Sampler,Substance 3D Sampler 2023,/,https://pan.xunlei.com/s/VOMM8tefkAl_1diuWqfcABnyA1?pwd=di72#,/,/,
Adobe,Substance 3D Sampler,Substance 3D Sampler 2022,/,https://pan.xunlei.com/s/VOMM8wLQTzEVjDFmjitBetRfA1?pwd=4h8m#,/,/,
Adobe,Substance 3D Sampler,Substance 3D Sampler 2021,/,https://pan.xunlei.com/s/VOMM8yeyiEUP5Yqtu3OVf2fSA1?pwd=hvmz#,/,/,
CAD制图,AutoCAD基础版,Auto cad 2025【Mac】,/,https://pan.xunlei.com/s/VOMRD0QwCH68-ncxsAmFpuyPA1?pwd=8sad#,/,/,
CAD制图,AutoCAD基础版,安装CAD出现问题解决方法合集,/,/,https://pan.quark.cn/s/3ce7faaba801,/,
CAD制图,AutoCAD基础版,CAD 2027,https://pan.baidu.com/s/1GHOfkN_GOMvA1F4Ed07QsQ?pwd=8888,https://pan.xunlei.com/s/VOp4Bae-rh66p0g9veZbnSX7A1?pwd=54qi#,/,/,安装教程（需要复刻，不要链接）：https://www.ruancang.net/845.html
CAD制图,AutoCAD基础版,CAD 2026,https://pan.baidu.com/s/1waU5eqL-htv_G2OojTRCew?pwd=8888,https://pan.xunlei.com/s/VOMPyWQK9auHI1cKyZHeF8peA1?pwd=9whn#,/,/,安装教程（需要复刻，不要链接）：https://www.ruancang.net/678.html
CAD制图,AutoCAD基础版,CAD 2025,https://pan.baidu.com/s/1BVyrLTWdt46HPVLzJQk3Dw?pwd=8888,https://pan.xunlei.com/s/VOMPz50yY5VZS3UceVO8i8bwA1?pwd=r5wy#,/,/,安装教程（需要复刻，不要链接）：https://www.ruancang.net/30.html
CAD制图,AutoCAD基础版,CAD 2024,https://pan.baidu.com/s/1m1pE3mVPlDQ1X171Bj4T6g?pwd=8888,https://pan.xunlei.com/s/VOMPz835y5X01OdWp4klC4BeA1?pwd=wy5k#,/,/,安装教程（需要复刻，不要链接）：https://www.ruancang.net/31.html
CAD制图,AutoCAD基础版,CAD 2023,https://pan.baidu.com/s/1rlWFl2p7KoxWkg_2lZ1loQ?pwd=8888,https://pan.xunlei.com/s/VOMPzA9Ay5X01OdWp4klC4wkA1?pwd=bujq#,/,/,安装教程（需要复刻，不要链接）：https://www.ruancang.net/32.html
CAD制图,AutoCAD基础版,CAD 2022,/,https://pan.xunlei.com/s/VOMPzC94E-m_qMYRY9728zLPA1?pwd=jyra#,/,/,
CAD制图,AutoCAD基础版,CAD 2021,https://pan.baidu.com/s/1r1XO1H8qpKoAkx77ZVLFPw?pwd=8888,https://pan.xunlei.com/s/VOMPzEXtmnEAeuRNIevE140qA1?pwd=r9yt#,/,/,安装教程（需要复刻，不要链接）：https://www.ruancang.net/33.html
CAD制图,AutoCAD基础版,CAD 2020,https://pan.baidu.com/s/1R0nbNgCJAg9T3zK2nyk7iw?pwd=8888,https://pan.xunlei.com/s/VOMPzGtGRQrM2vRsHj15kqEzA1?pwd=hrgw#,https://pan.quark.cn/s/9d1517e21531,/,安装教程（需要复刻，不要链接）：https://www.ruancang.net/link?target=RxmX5oC8VJ7aPc7GJ8_SuhTeTMQhrwnfODyZQsBZGl8_2ENfRGfpVz5mmDAACql2s3HbFW_HDwDyrrYmzSQq56zUpoJOzVoBXX8syoYzojIaSaDPo9NT19eloj42WqWi8QjJSck0hXCkY0mmFAyQLKJKIQ&_pid=34&_name=CAD2020
CAD制图,AutoCAD基础版,CAD 2019（64位）,https://pan.baidu.com/s/1XoiiWJ-Z_EjxaOlnJwCRnA?pwd=8888,https://pan.xunlei.com/s/VOMPzK-I0PkIAKfqcKrKCjmZA1?pwd=8vrm#,/,/,安装教程（需要复刻，不要链接）：https://www.ruancang.net/35.html
CAD制图,AutoCAD基础版,CAD 2019（32位）,https://pan.baidu.com/s/1ne0vQNx_Q0fxQaKlitt7SQ?pwd=8888,,,,
CAD制图,AutoCAD基础版,CAD 2018（64位）,https://pan.baidu.com/s/1jL_xUc1rH2mPyZboJhEg7g?pwd=8888,https://pan.xunlei.com/s/VOfcS9ECqF2lN6e0Y5RKSCvKA1?pwd=8cbb#,https://pan.quark.cn/s/c9beff0dc591,/,安装教程（需要复刻，不要链接）：https://www.ruancang.net/36.html
CAD制图,AutoCAD基础版,CAD 2018（32位）,https://pan.baidu.com/s/1IpELqz5RBxpUb01ujEw6qQ?pwd=8888,,,,
CAD制图,AutoCAD基础版,CAD 2017（64位）,https://pan.baidu.com/s/1-5mz3jgop_sOnZg1dirl1A?pwd=8888,https://pan.xunlei.com/s/VOMPzodhcv8jmeL_1CywBWNoA1?pwd=52yp#,/,/,安装教程（需要复刻，不要链接）：https://www.ruancang.net/37.html
CAD制图,AutoCAD基础版,CAD 2017（32位）,https://pan.baidu.com/s/1H_KbHMOY_tuXsYUtf1J_JA?pwd=8888,,,,
CAD制图,AutoCAD基础版,CAD 2016（64位）,https://pan.baidu.com/s/15vQQqCvE9IcEsEFUhtpkGQ?pwd=8888,/,https://pan.quark.cn/s/02e3dfed9d78,/,安装教程（需要复刻，不要链接）：https://www.ruancang.net/602.html
CAD制图,AutoCAD基础版,CAD 2016（32位）,https://pan.baidu.com/s/1gpv1Jkle4TSE8SWodoLOgg?pwd=8888,,,,
CAD制图,AutoCAD基础版,CAD 2015（64位）,https://pan.baidu.com/s/1BYU9ogE5_TllNOlvdR-2fw?pwd=8888,https://pan.xunlei.com/s/VOMQ-1_wlZaV6altaliVLtUAA1?pwd=vgsq#,/,/,安装教程（需要复刻，不要链接）：https://www.ruancang.net/603.html
CAD制图,AutoCAD基础版,CAD 2015（32位）,https://pan.baidu.com/s/1SthhyjBvTvUXfxof3QoEnQ?pwd=8888,,,,
CAD制图,AutoCAD基础版,CAD 2014（64位）,https://pan.baidu.com/s/1Uzog0DI9MiH22QVPa9-bEQ?pwd=8888,/,https://pan.quark.cn/s/e939e6f7ef06,/,安装教程（需要复刻，不要链接）：https://www.ruancang.net/38.html
CAD制图,AutoCAD基础版,CAD 2014（32位）,https://pan.baidu.com/s/1b1AoxEHZ0kwR-NMsPe95oA?pwd=8888,,,,
CAD制图,AutoCAD基础版,CAD 2013（64位）,https://pan.baidu.com/s/1NtMn0OmMw0mYzuRiHIJdjQ?pwd=8888,/,https://pan.quark.cn/s/4ac21e0e1f00,/,安装教程（需要复刻，不要链接）：https://www.ruancang.net/604.html
CAD制图,AutoCAD基础版,CAD 2013（32位）,https://pan.baidu.com/s/1-Aa9BypFYoD4aaWA_5sHww?pwd=8888,,,,
CAD制图,AutoCAD基础版,CAD 2012（64位）,https://pan.baidu.com/s/1XS_h30_RHcTOgECrA7M7qw?pwd=8888,/,https://pan.quark.cn/s/4fd745ac4e5f,/,安装教程（需要复刻，不要链接）：https://www.ruancang.net/39.html
CAD制图,AutoCAD基础版,CAD 2012（32位）,https://pan.baidu.com/s/1WAh67aXc_tUq7XvsAX1c1g?pwd=8888,,,,
CAD制图,AutoCAD基础版,CAD 2011（64位）,https://pan.baidu.com/s/1YDDCGiubxrC0_QmbT0YG4w?pwd=8888,/,https://pan.quark.cn/s/f2e395bde83c,/,安装教程（需要复刻，不要链接）：https://www.ruancang.net/40.html
CAD制图,AutoCAD基础版,CAD 2011（32位）,https://pan.baidu.com/s/1wsG0zIQXiS4PKRrPWt1zDw?pwd=8888,,,,
CAD制图,AutoCAD基础版,CAD 2010（64位）,https://pan.baidu.com/s/1o-EPZh-9SLr9Wre3qudrZA?pwd=8888,/,https://pan.quark.cn/s/65b471749aa8,/,安装教程（需要复刻，不要链接）：https://www.ruancang.net/41.html
CAD制图,AutoCAD基础版,CAD 2010（32位）,https://pan.baidu.com/s/1BusRDDT625oDr30HMZpVuA?pwd=8888,,,,
CAD制图,AutoCAD基础版,CAD 2009,https://pan.baidu.com/s/1mJsPL7GHjboX9XwWnv4aAg?pwd=8888,https://pan.xunlei.com/s/VOMQ8irLExitxBhSeoreIjq9A1?pwd=wd46#,/,/,安装教程（需要复刻，不要链接）：https://www.ruancang.net/42.html
CAD制图,AutoCAD基础版,CAD 2008（64位）,https://pan.baidu.com/s/1F-TGyDvucXaNVA0yXiqEfg?pwd=8888,https://pan.xunlei.com/s/VOMQ8lWVFCdEZ_d9YrBM1uvPA1?pwd=u3ff#,/,/,安装教程（需要复刻，不要链接）：https://www.ruancang.net/43.html
CAD制图,AutoCAD基础版,CAD 2008（32位）,https://pan.baidu.com/s/1x8N21W_R72wzG2cmISu63g?pwd=8888,,,,安装教程（需要复刻，不要链接）：https://www.ruancang.net/43.html
CAD制图,AutoCAD基础版,CAD 2007,https://pan.baidu.com/s/1GYShj724xxtcpGmWH4eLfg?pwd=8888,https://pan.xunlei.com/s/VOMQ8ntfPp_zyq_tjT_wfVzIA1?pwd=9ezx#,/,/,安装教程（需要复刻，不要链接）：https://www.ruancang.net/44.html
CAD制图,AutoCAD基础版,CAD 2006,https://pan.baidu.com/s/1EnoKMRhxBuOpF-3HFLp1Zw?pwd=8888,https://pan.xunlei.com/s/VOMQ8qTaqQXgJDsOiFfEosfTA1?pwd=wqds#,/,/,安装教程（需要复刻，不要链接）：https://www.ruancang.net/45.html
CAD制图,AutoCAD基础版,CAD 2005,https://pan.baidu.com/s/1lnoU2eMlbJqXbwLHuNTWcg?pwd=8888,https://pan.xunlei.com/s/VOMQ8suWBl9KzhZa_1_lqsGdA1?pwd=n6gj#,/,/,安装教程（需要复刻，不要链接）：https://www.ruancang.net/46.html
CAD制图,AutoCAD基础版,CAD 2004,https://pan.baidu.com/s/19n7bWul22JzqnT687WA1RQ?pwd=8888,https://pan.xunlei.com/s/VOMQ8vlVUOhl-Kq49sSdVZU_A1?pwd=gs4b#,/,/,安装教程（需要复刻，不要链接）：https://www.ruancang.net/47.html
CAD制图,AutoCAD基础版,CAD快速看图,/,https://pan.xunlei.com/s/VOMQ9JAk9auHI1cKyZHeKWB3A1?pwd=k3v2#,/,/,
CAD制图,AutoCAD基础版,CAD插件包集合,/,https://pan.xunlei.com/s/VOMQ9QLhRQrM2vRsHj15q2i-A1?pwd=3yth#,/,/,
CAD制图,AutoCAD精简版,CAD 2027精简版,/,https://pan.xunlei.com/s/VOqJWIBIAjRmZBvjCJxj2Vt9A1?pwd=ajt7#v,/,/,
CAD制图,AutoCAD精简版,CAD 2026精简版,https://pan.baidu.com/s/1QQhLDvuE4ZrPJ7fms3V4nw?pwd=8888,https://pan.xunlei.com/s/VOTik9LaU8jo6Yu2syU2Q3g2A1?pwd=ka5a#,/,/,安装教程（需要复刻，不要链接）：https://www.ruancang.net/752.html
CAD制图,AutoCAD精简版,CAD 2025精简版,https://pan.baidu.com/s/1KwGYg5xyRwTvnDJU3EJ_1A?pwd=8888,https://pan.xunlei.com/s/VOMQBeZSBzZfHjXf2m73_17yA1?pwd=i76k#,/,/,安装教程（需要复刻，不要链接）：https://www.ruancang.net/56.html
CAD制图,AutoCAD精简版,CAD 2024精简版,https://pan.baidu.com/s/106j81Gih-2m9rBq9ffk59A?pwd=8888,https://pan.xunlei.com/s/VOMQBgt3E-m_qMYRY972F7FXA1?pwd=dn72#,/,/,安装教程（需要复刻，不要链接）：https://www.ruancang.net/57.html
CAD制图,AutoCAD精简版,CAD 2023精简版,https://pan.baidu.com/s/1w9DKHebtRXsOSP6TTLjvvw?pwd=8888,https://pan.xunlei.com/s/VOMQBjqqC6tQm2WokN7Wfta7A1?pwd=ya3r#,/,/,安装教程（需要复刻，不要链接）：https://www.ruancang.net/58.html
CAD制图,AutoCAD精简版,CAD 2022精简版,https://pan.baidu.com/s/1_Pb9xQknvsL4cfHYAvlyCw?pwd=8888,https://pan.xunlei.com/s/VOMQBm0ZExitxBhSeoreKFFAA1?pwd=gqem#,/,/,安装教程（需要复刻，不要链接）：https://www.ruancang.net/59.html
CAD制图,AutoCAD精简版,CAD 2021精简版,https://pan.baidu.com/s/1TUL-M1_MI_V6e5aiwm-tlg?pwd=8888,/,/,/,安装教程（需要复刻，不要链接）：https://www.ruancang.net/599.html
CAD制图,AutoCAD精简版,CAD 2020精简版,https://pan.baidu.com/s/1ivmqq_2uTg8jvYx49JN0OA?pwd=8888,/,/,/,安装教程（需要复刻，不要链接）：https://www.ruancang.net/60.html
CAD制图,AutoCAD精简版,CAD 2019精简版,https://pan.baidu.com/s/1QdM2jvArcq4CPiJTBhdkBg?pwd=8888,/,/,/,安装教程（需要复刻，不要链接）：https://www.ruancang.net/61.html
CAD制图,AutoCAD精简版,CAD 2018精简版,https://pan.baidu.com/s/1ALRwApkE9GMY_5Hk2E74xQ?pwd=8888,/,/,/,安装教程（需要复刻，不要链接）：https://www.ruancang.net/62.html
CAD制图,AutoCAD精简版,CAD 2016精简版,https://pan.baidu.com/s/1FvXs8J104dT2hAjbX8OI7A?pwd=8888,/,/,/,安装教程（需要复刻，不要链接）：https://www.ruancang.net/63.html
CAD制图,AutoCAD精简版,CAD 2014精简版,https://pan.baidu.com/s/1VzsCGLt9G6AOtcNUS7e-Tg?pwd=8888,/,/,/,安装教程（需要复刻，不要链接）：https://www.ruancang.net/64.html
CAD制图,AutoCAD精简版,CAD 2010精简版,https://pan.baidu.com/s/1sHmn_QGd_gBkDl4soDcAZw?pwd=8888,/,/,/,安装教程（需要复刻，不要链接）：https://www.ruancang.net/600.html
CAD制图,AutoCAD精简版,CAD 2007精简版,https://pan.baidu.com/s/1efvWy0gxz4ERcPevtX8cZA?pwd=8888,/,/,/,安装教程（需要复刻，不要链接）：https://www.ruancang.net/65.html
CAD制图,AutoCAD建筑版,CAD 2027 建筑版,/,https://pan.xunlei.com/s/VOqJXB3AKSv2EC-mkQh75dOdA1?pwd=5yaz#,/,/,
CAD制图,AutoCAD建筑版,CAD 2026 建筑版,https://pan.baidu.com/s/1E3z8nzhWJPGWhz7VboZjUA?pwd=8888,https://pan.xunlei.com/s/VOTik_3VJ7zW-imHKwre7oLOA1?pwd=usxy#,/,/,安装教程（需要复刻，不要链接）：https://www.ruancang.net/722.html
CAD制图,AutoCAD建筑版,CAD 2025 建筑版,https://pan.baidu.com/s/1PyKVOtZGulPoqTG4IjQUlw?pwd=8888,https://pan.xunlei.com/s/VOMQCyfjE-m_qMYRY972FgrEA1?pwd=7t2u#,/,/,安装教程（需要复刻，不要链接）：https://www.ruancang.net/67.html
CAD制图,AutoCAD建筑版,CAD 2024 建筑版,https://pan.baidu.com/s/1bSmn0u6xq-DeUr_bNQQRVg?pwd=8888,https://pan.xunlei.com/s/VOMQD0BM_lWoVC33WZqA5KWLA1?pwd=sw7b#,/,/,安装教程（需要复刻，不要链接）：https://www.ruancang.net/598.html
CAD制图,AutoCAD建筑版,CAD 2023 建筑版,https://pan.baidu.com/s/1NFFcJR5vDqPbYJ5YxK0_2A?pwd=8888,/,https://pan.quark.cn/s/be3367095ece,/,安装教程（需要复刻，不要链接）：https://www.ruancang.net/68.html
CAD制图,AutoCAD建筑版,CAD 2022 建筑版,https://pan.baidu.com/s/1kTUBoyRhsr82obKdtyi8PQ?pwd=8888,https://pan.xunlei.com/s/VOMQD2K2CtWuA0AY2Y7ZyW-7A1?pwd=wgym#,/,/,安装教程（需要复刻，不要链接）：https://www.ruancang.net/69.html
CAD制图,AutoCAD建筑版,CAD 2021 建筑版,https://pan.baidu.com/s/1PetsmvSMeBVmdJoyPA_1hQ?pwd=8888,,,,安装教程（需要复刻，不要链接）：https://www.ruancang.net/70.html
CAD制图,AutoCAD建筑版,CAD 2020 建筑版,https://pan.baidu.com/s/1xKoys2RJqiYCV_h41tv-hA?pwd=8888,https://pan.xunlei.com/s/VOMQD4EmY5VZS3UceVO8pE8eA1?pwd=gj8q#,/,/,安装教程（需要复刻，不要链接）：https://www.ruancang.net/71.html
CAD制图,AutoCAD建筑版,CAD 2018 建筑版,https://pan.baidu.com/s/1CirMWWsoAPzqsYTmz72dVw?pwd=8888,/,/,/,安装教程（需要复刻，不要链接）：https://www.ruancang.net/72.html
CAD制图,AutoCAD建筑版,CAD 2016 建筑版,https://pan.baidu.com/s/1qz1RWjxtM6Fl5pQ4KfAbmw?pwd=8888,/,/,/,安装教程（需要复刻，不要链接）：https://www.ruancang.net/73.html
CAD制图,AutoCAD建筑版,CAD 2014 建筑版,https://pan.baidu.com/s/1w401NMj0ICOBAH50g25-dg?pwd=8888,/,/,/,安装教程（需要复刻，不要链接）：https://www.ruancang.net/74.html
CAD制图,AutoCAD电气版,CAD 2027 电气版,/,https://pan.xunlei.com/s/VOqJXSnyRR3-sDyfOLB02GoRA1?pwd=vy9z#,/,/,
CAD制图,AutoCAD电气版,CAD 2026 电气版,https://pan.baidu.com/s/1la5PcsENrIZ1GeiXKB0L2Q?pwd=8888,https://pan.xunlei.com/s/VOTikopP4sNrirU4B87eJKbiA1?pwd=vtzx#,/,/,安装教程（需要复刻，不要链接）：https://www.ruancang.net/750.html
CAD制图,AutoCAD电气版,CAD 2025 电气版,https://pan.baidu.com/s/1h3zhhF-bOloK0I6zQX5uJA?pwd=8888,https://pan.xunlei.com/s/VOMQE17jnoYsjEM380W0OaX4A1?pwd=r9ed#,/,/,安装教程（需要复刻，不要链接）：https://www.ruancang.net/87.html
CAD制图,AutoCAD电气版,CAD 2024 电气版,https://pan.baidu.com/s/1BbAwOXrGSNZqCgVbuDIcOw?pwd=8888,https://pan.xunlei.com/s/VOMQE3iDbRau83y3_JQfS90TA1?pwd=r55h#,/,/,安装教程（需要复刻，不要链接）：https://www.ruancang.net/88.html
CAD制图,AutoCAD电气版,CAD 2023 电气版,https://pan.baidu.com/s/1RMMomx8SwDsEFbKyNV_0Cg?pwd=8888,/,https://pan.quark.cn/s/399ecdd04b5d,/,安装教程（需要复刻，不要链接）：https://www.ruancang.net/89.html
CAD制图,AutoCAD电气版,CAD 2022 电气版,https://pan.baidu.com/s/1lfneP23DQnmN-MoOY_7ChQ?pwd=8888,https://pan.xunlei.com/s/VOMQE6Vzhi_fqMGFaihQ2w5LA1?pwd=ekgn#,/,/,安装教程（需要复刻，不要链接）：https://www.ruancang.net/90.html
CAD制图,AutoCAD电气版,CAD 2021 电气版,https://pan.baidu.com/s/1vXmSzXllb_sRtzQiDn_Dvg?pwd=8888,https://pan.xunlei.com/s/VOMQE8JFhi_fqMGFaihQ2wd8A1?pwd=7fmm#,/,/,安装教程（需要复刻，不要链接）：https://www.ruancang.net/91.html
CAD制图,AutoCAD电气版,CAD 2020 电气版,https://pan.baidu.com/s/17AeudD43_Vp7UdfAWfTH8A?pwd=8888,/,/,/,安装教程（需要复刻，不要链接）：https://www.ruancang.net/92.html
CAD制图,AutoCAD电气版,CAD 2019 电气版,https://pan.baidu.com/s/1YMteUztzBQ6mSut_I2gdOg?pwd=8888,/,/,/,安装教程（需要复刻，不要链接）：https://www.ruancang.net/597.html
CAD制图,AutoCAD电气版,CAD 2018 电气版,https://pan.baidu.com/s/1rOcsWCJouypfcBKWy0bwug?pwd=8888,/,/,/,安装教程（需要复刻，不要链接）：https://www.ruancang.net/93.html
CAD制图,AutoCAD电气版,CAD 2016 电气版,https://pan.baidu.com/s/1Ljr5ub3ut7TnTeCyNIbjbg?pwd=8888,/,/,/,安装教程（需要复刻，不要链接）：https://www.ruancang.net/94.html
CAD制图,AutoCAD电气版,CAD 2015 电气版,https://pan.baidu.com/s/1yFnBnFzwGD3z_CWVjkA7zQ?pwd=8888,/,/,/,安装教程（需要复刻，不要链接）：https://www.ruancang.net/95.html
CAD制图,CAD MEP,CAD MEP 2026,https://pan.baidu.com/s/1WQ_Q6tcDJZxIEyhTJD7uVw?pwd=8888,/,/,/,安装教程（需要复刻，不要链接）：https://www.ruancang.net/710.html
CAD制图,CAD MEP,CAD MEP 2025,https://pan.baidu.com/s/165eEeWnjtttGXgz1vUnA5w?pwd=8888,/,/,/,安装教程（需要复刻，不要链接）：https://www.ruancang.net/708.html
CAD制图,CAD MEP,CAD MEP 2024,https://pan.baidu.com/s/18jXxlkKB_lEp4qqQ04Soww?pwd=8888,/,/,/,安装教程（需要复刻，不要链接）：https://www.ruancang.net/601.html
CAD制图,CAD MEP,CAD MEP 2023,https://pan.baidu.com/s/1ee9-9TCBcTsBWKDw74A-9A?pwd=8888,/,/,/,安装教程（需要复刻，不要链接）：https://www.ruancang.net/52.html
CAD制图,CAD Map 3D,CAD Map 3D 2026,https://pan.baidu.com/s/15183KWKPZJRyzzBdBchkGA?pwd=8888,/,/,/,安装教程（需要复刻，不要链接）：https://www.ruancang.net/703.html
CAD制图,CAD Map 3D,CAD Map 3D 2025,https://pan.baidu.com/s/17MJKI_aEFB0z1JE1XYzycg?pwd=8888,/,/,/,安装教程（需要复刻，不要链接）：https://www.ruancang.net/701.html
CAD制图,CAD Map 3D,CAD Map 3D 2024,https://pan.baidu.com/s/1kXFKpf8EQDAehii9rHOTvw?pwd=8888,/,/,/,安装教程（需要复刻，不要链接）：https://www.ruancang.net/697.html
CAD制图,CAD Map 3D,CAD Map 3D 2023,https://pan.baidu.com/s/1Z9QEoxx14fr-3x1AEdPoMA?pwd=8888,/,/,/,安装教程（需要复刻，不要链接）：https://www.ruancang.net/54.html
CAD制图,CAD Plant 3D,CAD Plant 3D 2026,https://pan.baidu.com/s/1ci7oeJo5OJLzuzVAafcQag?pwd=8888,/,/,/,安装教程（需要复刻，不要链接）：https://www.ruancang.net/718.html
CAD制图,CAD Plant 3D,CAD Plant 3D 2025,https://pan.baidu.com/s/1-W_3clmgZpvXK7RmWHThxQ?pwd=8888,/,/,/,安装教程（需要复刻，不要链接）：https://www.ruancang.net/716.html
CAD制图,CAD Plant 3D,CAD Plant 3D 2024,https://pan.baidu.com/s/1a2bASGppZSv1jHOiUumKSw?pwd=8888,/,/,/,安装教程（需要复刻，不要链接）：https://www.ruancang.net/49.html
CAD制图,CAD Plant 3D,CAD Plant 3D 2023,https://pan.baidu.com/s/1NFRwh94PeM_zKbv-i9Ur5w?pwd=8888,/,/,/,安装教程（需要复刻，不要链接）：https://www.ruancang.net/50.html
CAD制图,AutoCAD机械版,CAD 2027 机械版,/,https://pan.xunlei.com/s/VOqJXqBQ-TGf64pHKcEiqyr2A1?pwd=hih3#,/,/,/
CAD制图,AutoCAD机械版,CAD 2026 机械版,https://pan.baidu.com/s/1GQjHj_6DOj7X6NU6XmBxeA?pwd=8888,https://pan.xunlei.com/s/VOTikyeiPQkiLNr5U4v5m8QlA1?pwd=cj6z#,/,/,安装教程（需要复刻，不要链接）：https://www.ruancang.net/748.html
CAD制图,AutoCAD机械版,CAD 2025 机械版,https://pan.baidu.com/s/1vLhoUuYwpcQTL78YBo0S7g?pwd=8888,https://pan.xunlei.com/s/VOMQF0fXBl9KzhZa_1_lu-AYA1?pwd=pyua#,/,/,安装教程（需要复刻，不要链接）：https://www.ruancang.net/76.html
CAD制图,AutoCAD机械版,CAD 2024 机械版,https://pan.baidu.com/s/1LJa1a0NkisDLWahqAYqYng?pwd=8888,/,https://pan.quark.cn/s/72007bea77b6,/,安装教程（需要复刻，不要链接）：https://www.ruancang.net/77.html
CAD制图,AutoCAD机械版,CAD 2023 机械版,https://pan.baidu.com/s/15y2Kmfbt7I2cY5e9Tm4aBA?pwd=8888,https://pan.xunlei.com/s/VOMQF8NBPp_zyq_tjT_wi_j5A1?pwd=p9yz#,/,/,安装教程（需要复刻，不要链接）：https://www.ruancang.net/78.html
CAD制图,AutoCAD机械版,CAD 2022 机械版,https://pan.baidu.com/s/1H6SuAwGC6g_3fbr98ZCuow?pwd=8888,https://pan.xunlei.com/s/VOMQFAGgYuv30CYZbIh7TNrnA1?pwd=3bb9#,/,/,安装教程（需要复刻，不要链接）：https://www.ruancang.net/79.html
CAD制图,AutoCAD机械版,CAD 2021 机械版,https://pan.baidu.com/s/1kkMcG1IwNkUL4ktcBdMVyw?pwd=8888,https://pan.xunlei.com/s/VOMQFC7qYuv30CYZbIh7TP3uA1?pwd=u927#,/,/,安装教程（需要复刻，不要链接）：https://www.ruancang.net/80.html
CAD制图,AutoCAD机械版,CAD 2020 机械版,https://pan.baidu.com/s/1aZSfW-CEANubRsE5AI-y7Q?pwd=8888,/,/,/,安装教程（需要复刻，不要链接）：https://www.ruancang.net/81.html
CAD制图,AutoCAD机械版,CAD 2019 机械版,https://pan.baidu.com/s/1oPGpVg5SxjS7f5OWv9D2wA?pwd=8888,/,/,/,安装教程（需要复刻，不要链接）：https://www.ruancang.net/82.html
CAD制图,AutoCAD机械版,CAD 2018 机械版,https://pan.baidu.com/s/1poB0NCrlZyNR1gu0v2oQlw?pwd=8888,/,/,/,安装教程（需要复刻，不要链接）：https://www.ruancang.net/83.html
CAD制图,AutoCAD机械版,CAD 2016 机械版,https://pan.baidu.com/s/1SXXIVgElnlM0JPUW6QKouw?pwd=8888,/,/,/,安装教程（需要复刻，不要链接）：https://www.ruancang.net/84.html
CAD制图,AutoCAD机械版,CAD 2015 机械版,https://pan.baidu.com/s/1bbiJj8Zu1017_2OIrT1Ymg?pwd=8888,/,/,/,安装教程（需要复刻，不要链接）：https://www.ruancang.net/85.html
CAD制图,中望CAD基础版,中望CAD 2026,/,https://pan.xunlei.com/s/VOTihrf5oWeB3OW9xRIkokfDA1?pwd=ftc6#,/,https://www.zwcad.com/,
CAD制图,中望CAD基础版,中望CAD 2025,/,https://pan.xunlei.com/s/VOMQFjO72kdf58-ry6gNRa3nA1?pwd=sn6y#,/,https://www.zwcad.com/,
CAD制图,中望CAD基础版,中望CAD 2024,/,https://pan.xunlei.com/s/VOMQFm1gcv8jmeL_1CywJgkGA1?pwd=v8qw#,/,https://www.zwcad.com/,
CAD制图,中望CAD基础版,中望CAD 2023,/,https://pan.xunlei.com/s/VOMQFo9qmMNmVE8IuMlKY9qkA1?pwd=g6sm#,/,https://www.zwcad.com/,
CAD制图,中望CAD基础版,中望CAD 2021,/,https://pan.xunlei.com/s/VOMQFqN_C6tQm2WokN7WhvwiA1?pwd=zhu9#,/,https://www.zwcad.com/,
CAD制图,中望CAD基础版,中望CAD 2020,/,https://pan.xunlei.com/s/VOMQFsKaBzZfHjXf2m73bFmIA1?pwd=xf75#,/,https://www.zwcad.com/,
CAD制图,中望CAD建筑版,中望CAD建筑版 2024,/,https://pan.xunlei.com/s/VOMQGeBrhi_fqMGFaihQ458cA1?pwd=7ihm#,/,https://www.zwcad.com/,
CAD制图,中望CAD建筑版,中望CAD建筑版 2023,/,https://pan.xunlei.com/s/VOMQGgLaBl9KzhZa_1_lukWqA1?pwd=nfsu#,/,https://www.zwcad.com/,
CAD制图,中望CAD机械版,中望CAD机械版 2024,/,https://pan.xunlei.com/s/VOMQGjMDul-iSo0VAJUF7BxXA1?pwd=7sgb#,/,https://www.zwcad.com/,
CAD制图,中望CAD机械版,中望CAD机械版 2023,/,https://pan.xunlei.com/s/VOMQGldkbRau83y3_JQfTRNrA1?pwd=txdr#,/,https://www.zwcad.com/,
CAD制图,浩辰CAD,浩辰CAD 2026,/,https://pan.xunlei.com/s/VOUNKtUSAIcGoGdNueM-MMxnA1?pwd=4y6i#,/,https://www.gstarcad.com/,
CAD制图,浩辰CAD,浩辰CAD 2025,/,https://pan.xunlei.com/s/VOMQHR9flZaV6altaliVUdnyA1?pwd=bx4w#,/,https://www.gstarcad.com/,
CAD制图,浩辰CAD,浩辰CAD 2024,/,https://pan.xunlei.com/s/VOMQHTlgo99O1BlM8d7QeoirA1?pwd=swtk#,/,https://www.gstarcad.com/,
CAD制图,浩辰CAD,浩辰CAD 2023,/,https://pan.xunlei.com/s/VOMQHVaclZaV6altaliVUfRFA1?pwd=dwur#,/,https://www.gstarcad.com/,
CAD制图,浩辰CAD,浩辰CAD 2022,/,https://pan.xunlei.com/s/VOMQHY7R2kdf58-ry6gNSOeWA1?pwd=tiei#,/,https://www.gstarcad.com/,
CAD制图,浩辰CAD,浩辰CAD 2021,/,https://pan.xunlei.com/s/VOMQHZzphi_fqMGFaihQ4WYUA1?pwd=ww73#,/,https://www.gstarcad.com/,
CAD制图,浩辰CAD,浩辰CAD 2019,/,https://pan.xunlei.com/s/VOMQHasVgsHiG4tMfOX4ZDrLA1?pwd=panq#,/,https://www.gstarcad.com/,
CAD制图,数码大方CAD,CAXA 3D实体设计 2024,https://pan.baidu.com/s/1MWK79DGQP2APnZZh7_CijA?pwd=8888,/,/,https://www.caxa.com/,安装教程（需要复刻，不要链接）：https://www.ruancang.net/100.html
CAD制图,数码大方CAD,CAXA 3D实体设计 2023,https://pan.baidu.com/s/1ExG1YLw3UQCPSnFl8-5ERg?pwd=8888,/,/,https://www.caxa.com/,安装教程（需要复刻，不要链接）：https://www.ruancang.net/101.html
CAD制图,数码大方CAD,CAXA 3D实体设计 2022,https://pan.baidu.com/s/1RhyUcGRXWecJZQ49r9L8bA?pwd=8888,/,/,https://www.caxa.com/,安装教程（需要复刻，不要链接）：https://www.ruancang.net/102.html
CAD制图,数码大方CAD,CAXA 3D实体设计 2021,https://pan.baidu.com/s/1dTyr4ia_wgRR3w72r4nuSw?pwd=8888,/,/,https://www.caxa.com/,安装教程（需要复刻，不要链接）：https://www.ruancang.net/103.html
CAD制图,数码大方CAD,CAXA 3D实体设计 2020,https://pan.baidu.com/s/125SZ0OEdLLoinaOY-ARHQw?pwd=8888,/,/,https://www.caxa.com/,安装教程（需要复刻，不要链接）：https://www.ruancang.net/104.html
CAD制图,数码大方CAD,CAXA 3D实体设计 2019,https://pan.baidu.com/s/1GVriTvuVXFfrWncUvzftfg?pwd=8888,/,/,https://www.caxa.com/,安装教程（需要复刻，不要链接）：https://www.ruancang.net/105.html
CAD制图,数码大方CAD,CAXA CAD电子图板 2024,https://pan.baidu.com/s/1LvKFFkSrZ8MIY_81u3TTnQ?pwd=8888,/,/,https://www.caxa.com/,安装教程（需要复刻，不要链接）：https://www.ruancang.net/107.html
CAD制图,数码大方CAD,CAXA CAD电子图板 2023,https://pan.baidu.com/s/12zyP_Ur3WLHyDRuCekCgqg?pwd=8888,/,/,https://www.caxa.com/,安装教程（需要复刻，不要链接）：https://www.ruancang.net/108.html
CAD制图,数码大方CAD,CAXA CAD电子图板 2022,https://pan.baidu.com/s/1va-yQXf1PmsK3IUdL_B-iQ?pwd=8888,/,/,https://www.caxa.com/,安装教程（需要复刻，不要链接）：https://www.ruancang.net/109.html
CAD制图,数码大方CAD,CAXA CAD电子图板 2021,https://pan.baidu.com/s/1GgMDa9R1jT2DK0a9c2jwZg?pwd=8888,/,/,https://www.caxa.com/,安装教程（需要复刻，不要链接）：https://www.ruancang.net/110.html
CAD制图,数码大方CAD,CAXA CAD电子图板 2020,https://pan.baidu.com/s/16xKKlShyndPVbMYiyKFCZA?pwd=8888,/,/,https://www.caxa.com/,安装教程（需要复刻，不要链接）：https://www.ruancang.net/111.html
CAD制图,数码大方CAD,CAXA CAD电子图板 2019,https://pan.baidu.com/s/1xbFLe9tPm5Id0qslWistfw?pwd=8888,/,/,https://www.caxa.com/,安装教程（需要复刻，不要链接）：https://www.ruancang.net/112.html
CAD制图,数码大方CAD,CAXA CAPP 工艺图表 2024,https://pan.baidu.com/s/1WEabc2WnizkME1zJSjc6yQ?pwd=8888,/,/,https://www.caxa.com/,安装教程（需要复刻，不要链接）：https://www.ruancang.net/114.html
CAD制图,数码大方CAD,CAXA CAPP 工艺图表 2023,https://pan.baidu.com/s/1A6u1wI1mBppudOXCnfrYDg?pwd=8888,/,/,https://www.caxa.com/,安装教程（需要复刻，不要链接）：https://www.ruancang.net/115.html
CAD制图,数码大方CAD,CAXA CAPP 工艺图表 2022,https://pan.baidu.com/s/1I-3TGvmSejpGiUSqeVCfrA?pwd=8888,/,/,https://www.caxa.com/,安装教程（需要复刻，不要链接）：https://www.ruancang.net/116.html
CAD制图,数码大方CAD,CAXA CAPP 工艺图表 2021,https://pan.baidu.com/s/16sgYsYEuLGt91Oi3GltI8A?pwd=8888,/,/,https://www.caxa.com/,安装教程（需要复刻，不要链接）：https://www.ruancang.net/596.html
CAD制图,数码大方CAD,CAXA CAPP 工艺图表 2020,https://pan.baidu.com/s/162tnAiwa2A2p69nx6nZBWQ?pwd=8888,/,/,https://www.caxa.com/,安装教程（需要复刻，不要链接）：https://www.ruancang.net/117.html
CAD制图,数码大方CAD,CAXA CAPP 工艺图表 2019,https://pan.baidu.com/s/16H9LYfGL2wvzdcV_ywJMiw?pwd=8888,/,/,https://www.caxa.com/,安装教程（需要复刻，不要链接）：https://www.ruancang.net/118.html
三维设计,C4D,Cinema4D C4D 2024【MAC版】,/,https://pan.xunlei.com/s/VOMPhZtSnK57dOSaB7YX_1M5A1?pwd=7huk#,/,/,
三维设计,C4D,C4D2026,https://pan.baidu.com/s/1nVGYOj5oK88d54GT2XRb9g?pwd=8888,https://pan.xunlei.com/s/VOeWuetkWl7T7-iRUoyVJcGcA1?pwd=jc4p#,/,/,安装教程（需要复刻，不要链接）：https://www.ruancang.net/737.html
三维设计,C4D,C4D2025.3,/,https://pan.xunlei.com/s/VOTUYH31_YM84Z-d1lZN2OtFA1?pwd=dadq#,/,/,
三维设计,C4D,C4D2025带Redshift渲染器,/,https://pan.xunlei.com/s/VOMPbh_y0PkIAKfqcKrK3fp4A1?pwd=xdh3#,/,/,
三维设计,C4D,C4D 2025,https://pan.baidu.com/s/1VYpGhKvbtSggN71YPmHK7Q?pwd=8888,https://pan.xunlei.com/s/VOMPbkPGE-m_qMYRY9720EHrA1?pwd=ww4u#,/,/,安装教程（需要复刻，不要链接）：https://www.ruancang.net/735.html
三维设计,C4D,C4D 2024,https://pan.baidu.com/s/1In7rGVpUXM9PCnQ6--3JqQ?pwd=8888,https://pan.xunlei.com/s/VOMPbmgfy5X01OdWp4kl2ghbA1?pwd=x6nd#,/,/,安装教程（需要复刻，不要链接）：https://www.ruancang.net/251.html
三维设计,C4D,C4D 2023,https://pan.baidu.com/s/1qbZbBCceeOIoF63f-_9xwA?pwd=8888,https://pan.xunlei.com/s/VOMPbpGp_lWoVC33WZq9qCAbA1?pwd=r7g3#,/,/,安装教程（需要复刻，不要链接）：https://www.ruancang.net/252.html
三维设计,C4D,C4D S26,https://pan.baidu.com/s/1-LsIxJaZOaK_eAI_JFDzLQ?pwd=8888,https://pan.xunlei.com/s/VOMPbrmXmnEAeuRNIevDtGF3A1?pwd=hrdi#,/,/,安装教程（需要复刻，不要链接）：https://www.ruancang.net/253.html
三维设计,C4D,C4D R25,https://pan.baidu.com/s/1hLGXboDYatMVCYFBTTfhEw?pwd=8888,https://pan.xunlei.com/s/VOMPbuDqBzZfHjXf2m73K_riA1?pwd=h6vv#,/,/,安装教程（需要复刻，不要链接）：https://www.ruancang.net/254.html
三维设计,C4D,C4D S24,https://pan.baidu.com/s/1Fv-_Xq4fUvUYk-wseIzEIw?pwd=8888,https://pan.xunlei.com/s/VOMPbwo0ExitxBhSeore4LuYA1?pwd=rnbd#,/,/,安装教程（需要复刻，不要链接）：https://www.ruancang.net/255.html
三维设计,C4D,C4D R23,https://pan.baidu.com/s/1piteekouuL0LaNBGNJVcmg?pwd=8888,https://pan.xunlei.com/s/VOMPbzFwmnEAeuRNIevDtIQ1A1?pwd=wydw#,/,/,安装教程（需要复刻，不要链接）：https://www.ruancang.net/256.html
三维设计,C4D,C4D S22,https://pan.baidu.com/s/1f3Gdb7pcs6q6PWBf04y81w?pwd=8888,https://pan.xunlei.com/s/VOMPc0mUWiKwh1P2X50C9wOMA1?pwd=6wyf#,/,/,安装教程（需要复刻，不要链接）：https://www.ruancang.net/257.html
三维设计,C4D,C4D R21,https://pan.baidu.com/s/1uXMbv-WFNYhgSLU2Ugr7FQ?pwd=8888,https://pan.xunlei.com/s/VOMPc31IokwKalv9KwgejShHA1?pwd=uhca#,/,/,安装教程（需要复刻，不要链接）：https://www.ruancang.net/258.html
三维设计,C4D,C4D R20,https://pan.baidu.com/s/1oPI8xhNHHoNXxoUBlSrPow?pwd=8888,https://pan.xunlei.com/s/VOMPc5R0bRau83y3_JQfB5HmA1?pwd=gw7c#,/,/,安装教程（需要复刻，不要链接）：https://www.ruancang.net/259.html
三维设计,C5D,C4D R19,https://pan.baidu.com/s/1ERXXXu8gz1II9f2zXd-pTg?pwd=6666,/,/,/,安装教程（需要复刻，不要链接）：https://www.ruancang.net/260.html
三维设计,C4D,C4D R18,https://pan.baidu.com/s/1MX6IxYq2-jpAujcq_nlApw?pwd=6666,https://pan.xunlei.com/s/VOMPc7ZEy5X01OdWp4kl2sf-A1?pwd=b7v3#,/,/,安装教程（需要复刻，不要链接）：https://www.ruancang.net/261.html
三维设计,3ds Max,3dmax 2027,https://pan.baidu.com/s/1-QTjUuSqDXr8FFiHPr27nA?pwd=8888,https://pan.xunlei.com/s/VOp2Alt_yQzwyrMgw5Op1SasA1?pwd=jabp#,/,/,安装教程（需要复刻，不要链接）：https://www.ruancang.net/854.html
三维设计,3ds Max,3dmax 2026.3,/,https://pan.xunlei.com/s/VOf2-ItukNk5kset-f8X-flCA1?pwd=4fqm#,/,/,
三维设计,3ds Max,3dmax 2026,https://pan.baidu.com/s/18RNX2uKatzD9qDhKD0SN6g?pwd=8888,https://pan.xunlei.com/s/VONXGcfRxTBPWmzh042dg9_6A1?pwd=9kbp#,/,/,安装教程（需要复刻，不要链接）：https://www.ruancang.net/733.html
三维设计,3ds Max,3dmax 2025,https://pan.baidu.com/s/1uerf-JhzNxbbqFnvdiwNcg?pwd=8888,https://pan.xunlei.com/s/VOMPeNBAbutM3xhvguuOoYcyA1?pwd=x4wn#,/,/,安装教程（需要复刻，不要链接）：https://www.ruancang.net/594.html
三维设计,3ds Max,3dmax 2024,https://pan.baidu.com/s/1Ws3e2kQgoZnXHR0nK2HPLg?pwd=8888,https://pan.xunlei.com/s/VOMPeR8ny5X01OdWp4kl3prSA1?pwd=hyb9#,/,/,安装教程（需要复刻，不要链接）：https://www.ruancang.net/164.html
三维设计,3ds Max,3dmax 2023,https://pan.baidu.com/s/1Qbn4jRwtG4mBKU1xSAAHRQ?pwd=8888,https://pan.xunlei.com/s/VOMPeTbL7ImNXnAlI1un4ZvDA1?pwd=84hd#,/,/,安装教程（需要复刻，不要链接）：https://www.ruancang.net/165.html
三维设计,3ds Max,3dmax 2022,https://pan.baidu.com/s/16fYrLVPUwOlX5r2_EW_iOw?pwd=8888,https://pan.xunlei.com/s/VOMPeVqgmnEAeuRNIevDuKqPA1?pwd=5ahf#,/,/,安装教程（需要复刻，不要链接）：https://www.ruancang.net/166.html
三维设计,3ds Max,3dmax 2021,https://pan.baidu.com/s/1nqy0FkctmTrvaEo2ZAxU8w?pwd=8888,https://pan.xunlei.com/s/VOMPeY7rul-iSo0VAJUEq_fJA1?pwd=cshv#,/,/,安装教程（需要复刻，不要链接）：https://www.ruancang.net/167.html
三维设计,3ds Max,3dmax 2020,https://pan.baidu.com/s/1_42Cdjv_COw2DcCq0jPekw?pwd=8888,https://pan.xunlei.com/s/VOMPe_IUY5VZS3UceVO8aV0OA1?pwd=g5xk#,/,/,安装教程（需要复刻，不要链接）：https://www.ruancang.net/168.html
三维设计,3ds Max,3dmax 2019,https://pan.baidu.com/s/1Cj9_sb6K6rjDh6uBTiEGag?pwd=8888,https://pan.xunlei.com/s/VOMPebFLnoYsjEM380W08gmfA1?pwd=4gdz#,/,/,安装教程（需要复刻，不要链接）：https://www.ruancang.net/605.html
三维设计,3ds Max,3dmax 2018,https://pan.baidu.com/s/1u1vDTtb5_s1-Y6m2y5IV0Q?pwd=8888,https://pan.xunlei.com/s/VOMPeeawc5M5NOpPKHWliijiA1?pwd=zk7q#,/,/,安装教程（需要复刻，不要链接）：https://www.ruancang.net/169.html
三维设计,3ds Max,3dmax 2017,https://pan.baidu.com/s/1I7EXS2gcrip3KIOELWYl_g?pwd=8888,https://pan.xunlei.com/s/VOMPegj3GqkJUATQ8bBflMgZA1?pwd=uux7#,/,/,安装教程（需要复刻，不要链接）：https://www.ruancang.net/170.html
三维设计,3ds Max,3dmax 2016,https://pan.baidu.com/s/1koM2ggCPBel5bUllofi6BA?pwd=8888,https://pan.xunlei.com/s/VOMPeic4hi_fqMGFaihPoLKGA1?pwd=6pzf#,/,/,安装教程（需要复刻，不要链接）：https://www.ruancang.net/171.html
三维设计,3ds Max,3dmax 2015,https://pan.baidu.com/s/1bxnsqSu4R-POcZCmLlIedg?pwd=8888,https://pan.xunlei.com/s/VOMPekvU7ImNXnAlI1un4fz2A1?pwd=6ync#,/,/,安装教程（需要复刻，不要链接）：https://www.ruancang.net/172.html
三维设计,3ds Max,3dmax 2014,https://pan.baidu.com/s/1LYesxa8MXshrEHcdm-zPVQ?pwd=8888,https://pan.xunlei.com/s/VOMPemrtvxLW6nX3vd1DxyK_A1?pwd=y3r5#,/,/,安装教程（需要复刻，不要链接）：https://www.ruancang.net/173.html
三维设计,4ds Max,3dmax 2013,https://pan.baidu.com/s/1n9cgonBsThpENzWNa929RQ?pwd=8888,/,/,/,安装教程（需要复刻，不要链接）：https://www.ruancang.net/174.html
三维设计,5ds Max,3dmax 2012,https://pan.baidu.com/s/1fY7y9r8OjJoVB1JwkmD_Ag?pwd=8888,/,/,/,安装教程（需要复刻，不要链接）：https://www.ruancang.net/175.html
三维设计,6ds Max,3dmax 2011,https://pan.baidu.com/s/1CMHAAGiNyQ9g7ubHVLxayw?pwd=8888,/,/,/,安装教程（需要复刻，不要链接）：https://www.ruancang.net/606.html
三维设计,7ds Max,3dmax 2010,https://pan.baidu.com/s/1HVy9Ve2lWiO7KzjT8cOhyw?pwd=8888,/,/,/,安装教程（需要复刻，不要链接）：https://www.ruancang.net/176.html
三维设计,8ds Max,3dmax 2009,https://pan.baidu.com/s/19K8DohYLyn3MAExQnA0_jQ?pwd=8888,/,/,/,安装教程（需要复刻，不要链接）：https://www.ruancang.net/177.html
三维设计,SketchUp,SketchUp 2024【Mac版】,/,https://pan.xunlei.com/s/VOMPifJQmMNmVE8IuMlKJbccA1?pwd=h6ke#,/,/,
三维设计,SketchUp,SketchUp 2026,https://pan.baidu.com/s/10xN9v3nbPqeAfzTmLUwQ6g?pwd=8888,https://pan.xunlei.com/s/VObL3HFcm1wGK-dM7nGunf1TA1?pwd=eknp#,/,/,安装教程（需要复刻，不要链接）：https://www.ruancang.net/815.html
三维设计,SketchUp,SketchUp 2025,https://pan.baidu.com/s/1h8ch5pLjInIZblvxV4J8ug?pwd=8888,https://pan.xunlei.com/s/VOT0-Jgk6KJDePr1wh0zu3YiA1?pwd=67qm#,/,/,安装教程（需要复刻，不要链接）：https://www.ruancang.net/813.html
三维设计,SketchUp,SketchUp 2024,https://pan.baidu.com/s/1rWG_vT3EoyEo5FTIZA-Ucg?pwd=8888,https://pan.xunlei.com/s/VOMPfw7G2kdf58-ry6gNBWwbA1?pwd=naqr#,/,/,安装教程（需要复刻，不要链接）：https://www.ruancang.net/207.html
三维设计,SketchUp,SketchUp 2023,https://pan.baidu.com/s/1sezsGm1cRP3mo7pbsUtG8g?pwd=8888,https://pan.xunlei.com/s/VOMPfyzpRPNfO4kiG8qQ7EgBA1?pwd=92m2#,/,/,安装教程（需要复刻，不要链接）：https://www.ruancang.net/208.html
三维设计,SketchUp,SketchUp 2022,https://pan.baidu.com/s/1WSHZLfF41umlgo5EPMncUQ?pwd=8888,https://pan.xunlei.com/s/VOMPg17HBl9KzhZa_1_lehXDA1?pwd=swgf#,/,/,安装教程（需要复刻，不要链接）：https://www.ruancang.net/209.html
三维设计,SketchUp,SketchUp 2021,https://pan.baidu.com/s/18iMJ1s9875K2pMr7nLR0rg?pwd=8888,https://pan.xunlei.com/s/VOMPg3g1ul-iSo0VAJUErCI3A1?pwd=a63f#,/,/,安装教程（需要复刻，不要链接）：https://www.ruancang.net/210.html
三维设计,SketchUp,SketchUp 2020,https://pan.baidu.com/s/18NwZ96TSmR_JRU9ObXk9nw?pwd=8888,https://pan.xunlei.com/s/VOMPg6w6E98K5esHXitqdPduA1?pwd=fttw#,/,/,安装教程（需要复刻，不要链接）：https://www.ruancang.net/211.html
三维设计,SketchUp,SketchUp 2019,https://pan.baidu.com/s/1cBFUMo4YI4nS81w_I9-ljA?pwd=8888,https://pan.xunlei.com/s/VOMPg9UqauZ6Uv71cgwgqM7pA1?pwd=sqyy#,/,/,安装教程（需要复刻，不要链接）：https://www.ruancang.net/212.html
三维设计,SketchUp,SketchUp 2018,https://pan.baidu.com/s/10r46KUc_CgrP813AhL9a3A?pwd=8888,https://pan.xunlei.com/s/VOMPgD1H9auHI1cKyZHe8OGtA1?pwd=5rxc#,/,/,安装教程（需要复刻，不要链接）：https://www.ruancang.net/213.html
三维设计,SketchUp,SketchUp 2017,https://pan.baidu.com/s/1ZxZIv5RnQyHiimaUOUAqNg?pwd=8888,/,/,/,安装教程（需要复刻，不要链接）：https://www.ruancang.net/214.html
三维设计,SketchUp,SketchUp 2016,https://pan.baidu.com/s/1p6uCbrzdOJ-5d7zVHPgHmg?pwd=8888,/,/,/,安装教程（需要复刻，不要链接）：https://www.ruancang.net/215.html
三维设计,SketchUp,SketchUp 2015,https://pan.baidu.com/s/1BwzAClmyM7nsdlIBY12-vA?pwd=8888,/,/,/,安装教程（需要复刻，不要链接）：https://www.ruancang.net/216.html
三维设计,Artlantis,Artlantis 2021,https://pan.baidu.com/s/1jF10ukP51QuJsQCm8mXeVA?pwd=8888,/,/,/,安装教程（需要复刻，不要链接）：https://www.ruancang.net/179.html
三维设计,Artlantis,Artlantis 2020,https://pan.baidu.com/s/1g6oDM7QsGzBd8jVq4Gwkpg?pwd=8888,/,/,/,安装教程（需要复刻，不要链接）：https://www.ruancang.net/180.html
三维设计,Artlantis,Artlantis 2019,https://pan.baidu.com/s/1FN265CYwhOpjwiUjIAqxMg?pwd=8888,/,/,/,安装教程（需要复刻，不要链接）：https://www.ruancang.net/181.html
三维设计,SolidWorks,SolidWorks 2026,/,https://pan.xunlei.com/s/VOgk636ee05KSrjszziSvsluA1?pwd=36tc#,https://pan.quark.cn/s/46ac71ab48a4,/,
三维设计,SolidWorks,SolidWorks 2025合集,/,https://pan.xunlei.com/s/VOMPkQmvBzZfHjXf2m73NovFA1?pwd=vb4u#,/,/,
三维设计,SolidWorks,SolidWorks 2024SP5.0,/,https://pan.xunlei.com/s/VOMPkVs4GqkJUATQ8bBfnk28A1?pwd=9gtc#,/,/,
三维设计,SolidWorks,SolidWorks 2024SP4.0,/,https://pan.xunlei.com/s/VOMPkYr5BzZfHjXf2m73NrBqA1?pwd=cw6w#,/,/,
三维设计,SolidWorks,SolidWorks 2024,/,https://pan.xunlei.com/s/VOMPkjzlc5M5NOpPKHWlkxy_A1?pwd=b9qr#,/,/,
三维设计,SolidWorks,SolidWorks 2023,/,https://pan.xunlei.com/s/VOMPkmhRokwKalv9KwgenYD6A1?pwd=w95i#,/,/,
三维设计,SolidWorks,SolidWorks 2022,/,https://pan.xunlei.com/s/VOMPkp5by5X01OdWp4kl6U-4A1?pwd=i5up#,/,/,
三维设计,SolidWorks,SolidWorks 2021,/,https://pan.xunlei.com/s/VOMPkrUaYuv30CYZbIh7FVRKA1?pwd=ve49#,/,/,
三维设计,SolidWorks,SolidWorks 2020,/,https://pan.xunlei.com/s/VOMPktYfnK57dOSaB7YXaKwIA1?pwd=9uxk#,/,/,
三维设计,SolidWorks,SolidWorks 2019,/,https://pan.xunlei.com/s/VOMPkwKyBzZfHjXf2m73O1lkA1?pwd=7cq5#,/,/,
三维设计,SolidWorks,SolidWorks 2018,/,https://pan.xunlei.com/s/VOMPl-2z0PkIAKfqcKrK7B_WA1?pwd=cihj#,/,/,
三维设计,Solid Edge,Solid Edge 2025,/,https://pan.xunlei.com/s/VOMPlbjhlZaV6altaliVGKsMA1?pwd=aadh#,/,/,
三维设计,Solid Edge,Solid Edge 2024,/,https://pan.xunlei.com/s/VOMPldrbbRau83y3_JQfFIoaA1?pwd=swss#,/,/,
三维设计,UG,UG NX2412,/,https://pan.xunlei.com/s/VOMPnMw2RPNfO4kiG8qQA74lA1?pwd=z8fn#,/,/,
三维设计,UG,UG NX2406,/,https://pan.xunlei.com/s/VOMPnQeAmnEAeuRNIevDxlLDA1?pwd=sn86#,/,/,
三维设计,UG,UG NX2406 免安装版,/,https://pan.xunlei.com/s/VOXmhUDk7-ewIgtFYqTtbuT8A1?pwd=vrxk#,https://pan.quark.cn/s/6605a37a2775,/,
三维设计,UG,UG NX2312,/,https://pan.xunlei.com/s/VOMPnfQRlZaV6altaliVHAVsA1?pwd=ikyp#,/,/,
三维设计,UG,UG NX2312 免安装版,/,https://pan.xunlei.com/s/VOaVCo80Dck7ghQRlI9Ne4WcA1?pwd=s9sc#,https://pan.quark.cn/s/b40537d2c1ce,/,
三维设计,UG,UG NX12,/,https://pan.xunlei.com/s/VOMPnmYM4qSuU_24E-U7eNxkA1?pwd=9jqk#,/,/,
三维设计,UG,UG NX12 免安装版,/,https://pan.xunlei.com/s/VOaQGyJA2_qj_22rkU71S6SMA1?pwd=akdf#,https://pan.quark.cn/s/3e5f28e7deef,/,
三维设计,UG,UG NX11,/,https://pan.xunlei.com/s/VOMPnsOLBzZfHjXf2m73PC0hA1?pwd=z2ma#,/,/,
三维设计,UG,UG NX10,/,https://pan.xunlei.com/s/VOMPo2kslZaV6altaliVHIYHA1?pwd=4jpa#,/,/,
三维设计,UG,UG NX10 免安装版,/,https://pan.xunlei.com/s/VOaVCsi3BCynPo4VLrHZEoI6A1?pwd=n7xk#,https://pan.quark.cn/s/cfb0b65de37c,/,
三维设计,UG,UG NX9,/,https://pan.xunlei.com/s/VOMPo9-zmMNmVE8IuMlKLfQ4A1?pwd=vbwx#,/,/,
三维设计,UG,UG NX8,/,https://pan.xunlei.com/s/VOMPoB3qGqkJUATQ8bBfpC82A1?pwd=eywe#,/,/,
三维设计,Rhino,Rhino 8合【Mac】,/,https://pan.xunlei.com/s/VOMPpH4yokwKalv9Kwgep7BzA1?pwd=s3qj#,/,/,
三维设计,Rhino,Rhinoceros 8.1-8.25,https://pan.baidu.com/s/1YQ5Wf-oX8tAEcr-GjsRlLw?pwd=8888,/,/,/,安装教程（需要复刻，不要链接）：https://www.ruancang.net/397.html
三维设计,Rhino,Rhino 8.21,/,https://pan.xunlei.com/s/VOXWLdikCQvgxSswP84YBqdwA1?pwd=8dwm#,/,/,
三维设计,Rhino,Rhino 8.19,/,https://pan.xunlei.com/s/VORbW5bncUDScW2C5kylNQPpA1?pwd=uhu8#,/,/,
三维设计,Rhino,Rhino 8.18,/,https://pan.xunlei.com/s/VORp50TXiNk6MP1z9eHkvAmtA1?pwd=cvw7#,/,/,
三维设计,Rhino,Rhino 8.13,/,https://pan.xunlei.com/s/VOMPqOM10PkIAKfqcKrK99LqA1?pwd=cax5#,/,/,
三维设计,Rhino,Rhino 8.12,/,https://pan.xunlei.com/s/VOMPqRB9RPNfO4kiG8qQBPB8A1?pwd=rxsh#,/,/,
三维设计,Rhino,Rhino 8.9,/,https://pan.xunlei.com/s/VOMPqTH1o99O1BlM8d7QTAQLA1?pwd=9npu#,/,/,
三维设计,Rhino,Rhino 8.6,/,https://pan.xunlei.com/s/VOMPqVdSY5VZS3UceVO8erc2A1?pwd=9g4u#,/,/,
三维设计,Rhino,Rhino 8.1,/,https://pan.xunlei.com/s/VOMPqYznY5VZS3UceVO8esRBA1?pwd=gfzf#,/,/,
三维设计,Rhino,Rhino 7.4,https://pan.baidu.com/s/1VgZ0XQ5BdW8ai0xLAB0gzg?pwd=8888,/,/,/,安装教程（需要复刻，不要链接）：https://www.ruancang.net/398.html
三维设计,Rhino,Rhino 7.33,https://pan.baidu.com/s/1Qsv8Zc9Qk1K_egDi6VtNAg?pwd=8888,https://pan.xunlei.com/s/VOMPqdzQnz5R8RueopNeaHPAA1?pwd=52ge#,/,/,安装教程（需要复刻，不要链接）：https://www.ruancang.net/399.html
三维设计,Rhino,Rhino 7.30,/,https://pan.xunlei.com/s/VOMPqgOoc5M5NOpPKHWlnSwrA1?pwd=ii6s#,/,/,
三维设计,Rhino,Rhino 7.0,https://pan.baidu.com/s/1tDQHV9F0uFRkIlP8P0mm7A?pwd=8888,/,/,/,安装教程（需要复刻，不要链接）：https://www.ruancang.net/400.html
三维设计,Rhino,Rhino 6.9,https://pan.baidu.com/s/1wGJEmF5Aj6de8Ko11dJeNg?pwd=8888,/,/,/,安装教程（需要复刻，不要链接）：https://www.ruancang.net/404.html
三维设计,Rhino,Rhino 6.25,https://pan.baidu.com/s/1_uWwTUtGYGs30mh6CN2s8A?pwd=8888,/,/,/,安装教程（需要复刻，不要链接）：https://www.ruancang.net/401.html
三维设计,Rhino,Rhino 6.23,https://pan.baidu.com/s/1WWrsyAuayqFW6ASOqn2k8Q?pwd=8888,/,/,/,安装教程（需要复刻，不要链接）：https://www.ruancang.net/402.html
三维设计,Rhino,Rhino 6.21,https://pan.baidu.com/s/1AeCVbBBpBXrIh2mmD6Sfkw?pwd=8888,/,/,/,安装教程（需要复刻，不要链接）：https://www.ruancang.net/403.html
三维设计,Rhino,Rhino 5.14,https://pan.baidu.com/s/1taJCOVntSxgdhYdW4VwQhw?pwd=8888,/,/,/,安装教程（需要复刻，不要链接）：https://www.ruancang.net/405.html
三维设计,Rhino,Rhino 5.0,https://pan.baidu.com/s/1fKtcFcKlv5NTh8f3uj3JOg?pwd=8888,/,/,/,安装教程（需要复刻，不要链接）：https://www.ruancang.net/406.html
三维设计,Mastercam,Mastercam 2026,/,https://pan.xunlei.com/s/VOu6NXngKPCQWdzeLx50ALXWA1?pwd=7s5g#,/,/,
三维设计,Mastercam,Mastercam 2025支持win11,/,https://pan.xunlei.com/s/VOTtEAMo_cUAk3F9I-UrZuS_A1?pwd=ukwd#,/,/,
三维设计,Mastercam,Mastercam 2025,/,https://pan.xunlei.com/s/VOMPrghfCtWuA0AY2Y7Zooy5A1?pwd=z5z2#,/,/,
三维设计,Mastercam,Mastercam 2024,/,https://pan.xunlei.com/s/VOMPrk3bC6tQm2WokN7WXM1HA1?pwd=4hik#,/,/,
三维设计,Mastercam,Mastercam 2023,/,https://pan.xunlei.com/s/VOMPrmZA2kdf58-ry6gNFtaSA1?pwd=cgve#,/,/,
三维设计,Mastercam,Mastercam 2022,/,https://pan.xunlei.com/s/VOMProZVRQrM2vRsHj15i5UCA1?pwd=7qff#,/,/,
三维设计,Mastercam,Mastercam 2021,/,https://pan.xunlei.com/s/VOMPrqZACtWuA0AY2Y7ZorZFA1?pwd=eask#,/,/,
三维设计,Mastercam,Mastercam 2020,/,https://pan.xunlei.com/s/VOMPrstLC6tQm2WokN7WXRJgA1?pwd=5ksb#,/,/,
三维设计,Mastercam,Mastercam X9,/,https://pan.xunlei.com/s/VOMPruz_butM3xhvguuOtjESA1?pwd=wat5#,/,/,
三维设计,Blender,Blender 5.0,https://pan.baidu.com/s/16x7EWbcVZlczRpPqAvM5BQ?pwd=8888,/,/,/,安装教程（需要复刻，不要链接）：https://www.ruancang.net/823.html
三维设计,Blender,Blender 4.5,https://pan.baidu.com/s/13EWNkxXtwfgZBmGxxzX9Vg?pwd=8888,/,/,/,安装教程（需要复刻，不要链接）：https://www.ruancang.net/821.html
三维设计,Blender,Blender 4.3,https://pan.baidu.com/s/1Yxk7tsATLgE2sTQpNh7z_Q?pwd=8888,https://pan.xunlei.com/s/VOVequnzi9g4VMDQ4xA3RScSA1?pwd=vmjf#,/,/,安装教程（需要复刻，不要链接）：https://www.ruancang.net/820.html
三维设计,Blender,Blender 4.2,/,https://pan.xunlei.com/s/VOMPsaaN4qSuU_24E-U7g2-EA1?pwd=596r#,/,/,
三维设计,Blender,Blender 4.0,https://pan.baidu.com/s/1q5ViVNWzGH3u4cd4DcB1zg?pwd=8888,https://pan.xunlei.com/s/VOMPsdVneKplm5_QOppCYtxwA1?pwd=adnc#,/,/,安装教程（需要复刻，不要链接）：https://www.ruancang.net/183.html
三维设计,Blender,Blender 3.5,https://pan.baidu.com/s/1YkUZiKIS_jrbFFezF5X-8w?pwd=8888,https://pan.xunlei.com/s/VOMPsfgQmMNmVE8IuMlKNaY3A1?pwd=fbkv#,/,/,安装教程（需要复刻，不要链接）：https://www.ruancang.net/184.html
三维设计,Blender,Blender 3.3,https://pan.baidu.com/s/1on-xOrafd1cs9AVHDfuG9A?pwd=8888,https://pan.xunlei.com/s/VOMPsiE_WiKwh1P2X50CGLJ5A1?pwd=7dyg#,/,/,安装教程（需要复刻，不要链接）：https://www.ruancang.net/185.html
三维设计,Blender,Blender 3.0,https://pan.baidu.com/s/1glfFc07I0flWPBbbRxkDSw?pwd=8888,https://pan.xunlei.com/s/VOMPsk1vc5M5NOpPKHWlo9anA1?pwd=5pgc#,/,/,安装教程（需要复刻，不要链接）：https://www.ruancang.net/186.html
三维设计,Blender,Blender 2.83,https://pan.baidu.com/s/1wWYg-355X2ytZ6zbl1IPLA?pwd=8888,/,/,/,安装教程（需要复刻，不要链接）：https://www.ruancang.net/187.html
三维设计,CATIA,CATIA Composer2024,/,https://pan.xunlei.com/s/VOMPtYa7butM3xhvguuOuKZ0A1?pwd=f25w#,/,/,
三维设计,CATIA,Catia P3 V5-6R2020,/,https://pan.xunlei.com/s/VOMPtaULlZaV6altaliVJM3xA1?pwd=6g9u#,/,/,
三维设计,Creo,Creo 11,/,https://pan.xunlei.com/s/VOMPuDe_vxLW6nX3vd1E2mxVA1?pwd=iju9#,/,/,
三维设计,Creo,Creo 10,/,https://pan.xunlei.com/s/VOMPuFskRPNfO4kiG8qQCvr-A1?pwd=j7h3#,/,/,
三维设计,Creo,Creo 9,/,https://pan.xunlei.com/s/VOMPuHlg2kdf58-ry6gNH2R2A1?pwd=26mf#,/,/,
三维设计,Creo,Creo 8,/,https://pan.xunlei.com/s/VOMPuJi5y5X01OdWp4klA9FMA1?pwd=pqjp#,/,/,
三维设计,Creo,Creo 7,/,https://pan.xunlei.com/s/VOMPuLeqnz5R8RueopNebbSNA1?pwd=ffxb#,/,/,
三维设计,CorelCAD,CorelCAD 2023,https://pan.baidu.com/s/1r0tEBPpItYlb7R-wwzd7Fw?pwd=8888,https://pan.xunlei.com/s/VOMPuhwxauZ6Uv71cgwgviGyA1?pwd=cffn#,/,/,安装教程（需要复刻，不要链接）：https://www.ruancang.net/189.html
三维设计,CorelCAD,CorelCAD 2021,https://pan.baidu.com/s/18cv6sfqJQR-u-fDyH5rOLQ?pwd=8888,https://pan.xunlei.com/s/VOMPuk264qSuU_24E-U7gq82A1?pwd=9i36#,/,/,安装教程（需要复刻，不要链接）：https://www.ruancang.net/190.html
三维设计,CorelCAD,CorelCAD 2020,https://pan.baidu.com/s/1xTzo_cQk-Gr_qSG6aFJRTA?pwd=8888,/,/,/,安装教程（需要复刻，不要链接）：https://www.ruancang.net/191.html
三维设计,CorelCAD,CorelCAD 2019,https://pan.baidu.com/s/1vzF5MWMcphR5QLCdB51YnQ?pwd=8888,/,/,/,安装教程（需要复刻，不要链接）：https://www.ruancang.net/192.html
三维设计,CorelCAD,CorelCAD 2018,https://pan.baidu.com/s/15VrStFab5esyJuBzvcxlCQ?pwd=8888,/,/,/,安装教程（需要复刻，不要链接）：https://www.ruancang.net/193.html
三维设计,CorelCAD,CorelCAD 2017,https://pan.baidu.com/s/1c1QaANxJBCCTgnfPn5431A?pwd=8888,/,/,/,安装教程（需要复刻，不要链接）：https://www.ruancang.net/194.html
三维设计,Vero visi,Vero VISI 2023,/,https://pan.xunlei.com/s/VOMPvDK-GZ7GgZrsJ6gnMoZrA1?pwd=7kwk#,/,/,
三维设计,Vero visi,Vero VISI 2021,/,https://pan.xunlei.com/s/VOMPvFeJExitxBhSeoreBka0A1?pwd=a3zt#,/,/,
三维设计,Vero visi,Vero VISI 2020,/,https://pan.xunlei.com/s/VOMPvIKeCtWuA0AY2Y7ZqFJNA1?pwd=6n5j#,/,/,
三维设计,CIMCO Edit,CIMCO Edit 2024,/,https://pan.xunlei.com/s/VOMPvorqYuv30CYZbIh7JiUyA1?pwd=figr#,/,/,
三维设计,CIMCO Edit,CIMCO Edit 2023,/,https://pan.xunlei.com/s/VOMPvrqP_lWoVC33WZq9xox0A1?pwd=6tn9#,/,/,
三维设计,CIMCO Edit,CIMCO Edit 2022,/,https://pan.xunlei.com/s/VOMPvtirnoYsjEM380W0FnQwA1?pwd=m7kr#,/,/,
三维设计,Lumion,Lumion 2024,https://pan.baidu.com/s/1zRqJ9u1GgxT9dfvEfmhjfA?pwd=8888,https://pan.xunlei.com/s/VOMQlAFrebyf-1r24mOoOz7zA1?pwd=5sjy#,/,/,安装教程（需要复刻，不要链接）：https://www.ruancang.net/804.html
三维设计,Lumion,Lumion 2023,https://pan.baidu.com/s/1d_hTWAu8Wdw6McKHjOU2EQ?pwd=8888,https://pan.xunlei.com/s/VOMQlCSoebyf-1r24mOoOzzcA1?pwd=cr8y#,/,/,安装教程（需要复刻，不要链接）：https://www.ruancang.net/196.html
三维设计,Lumion,Lumion 12.5,https://pan.baidu.com/s/1TxX0hIfTTJalQsdGPQcxZw?pwd=8888,/,/,/,安装教程（需要复刻，不要链接）：https://www.ruancang.net/197.html
三维设计,Lumion,Lumion 12.0,https://pan.baidu.com/s/1ofgVcGCJN1eqinrZMbcmPw?pwd=8888,https://pan.xunlei.com/s/VOMQlEM3nI6tPxqY_xjC6N4AA1?pwd=xkes#,/,/,安装教程（需要复刻，不要链接）：https://www.ruancang.net/198.html
三维设计,Lumion,Lumion 11,https://pan.baidu.com/s/1unVVqqHS8RpWoL8pHw2nsg?pwd=8888,https://pan.xunlei.com/s/VOMQlGM4ferOIACgfAZ1USv0A1?pwd=j2yw#,/,/,安装教程（需要复刻，不要链接）：https://www.ruancang.net/199.html
三维设计,Lumion,Lumion 10.0.0,https://pan.baidu.com/s/1C8pfYRjI1DF2Nv_ULpJ8rg?pwd=8888,https://pan.xunlei.com/s/VOMQlIZY8k0xv8bqjfHZHO4TA1?pwd=p8ht#,/,/,安装教程（需要复刻，不要链接）：https://www.ruancang.net/200.html
三维设计,Lumion,Lumion 9.0.2,https://pan.baidu.com/s/1GLOgcxn4lNU4ZQgdP8Lvjg?pwd=8888,https://pan.xunlei.com/s/VOMQlKtXb2mtUhh9NZySovYmA1?pwd=3bxz#,/,/,安装教程（需要复刻，不要链接）：https://www.ruancang.net/201.html
三维设计,Lumion,Lumion 8.5,https://pan.baidu.com/s/1C16LBFbKbLITfZcee08I5w?pwd=8888,/,/,/,安装教程（需要复刻，不要链接）：https://www.ruancang.net/202.html
三维设计,Lumion,Lumion 8,/,https://pan.xunlei.com/s/VOMQlNUmcCGlkdJohD9nPMpZA1?pwd=tg8p#,/,/,
三维设计,Lumion,Lumion 6.0,https://pan.baidu.com/s/1GUEDKh_jLzsCCeUN2RqiYA?pwd=8888,/,/,/,安装教程（需要复刻，不要链接）：https://www.ruancang.net/203.html
三维设计,Lumion,Lumion 5.0,https://pan.baidu.com/s/18n4zhs03pllgH1d3F0Fasw?pwd=8888,/,/,/,安装教程（需要复刻，不要链接）：https://www.ruancang.net/204.html
三维设计,Lumion,Lumion 4.5,https://pan.baidu.com/s/17XbvNueJVypN73G9WEIYJQ?pwd=8888,/,/,/,安装教程（需要复刻，不要链接）：https://www.ruancang.net/205.html
Autodesk,Autodesk全家桶一键激活带视频教程,全家桶激活工具及教程,/,https://pan.xunlei.com/s/VOMPxQ2ynK57dOSaB7YXenI7A1?pwd=p6tu#,/,/,
Autodesk,Civil 3D,Civil3D 2026,/,https://pan.xunlei.com/s/VOTiiW8WPQkiLNr5U4v5lDM7A1?pwd=k8t2#,/,/,
Autodesk,Civil 3D,Civil3D 2025,/,https://pan.xunlei.com/s/VOMQICi7qQXgJDsOiFfEtmE1A1?pwd=nqzc#,/,/,
Autodesk,Civil 3D,Civil3D 2024,/,https://pan.xunlei.com/s/VOMQIGS3ul-iSo0VAJUF7yE6A1?pwd=2x56#,/,/,
Autodesk,Civil 3D,Civil3D 2023,/,https://pan.xunlei.com/s/VOMQIIVoGZ7GgZrsJ6gnXjeZA1?pwd=tsj2#,/,/,
Autodesk,Civil 3D,Civil3D 2022,/,https://pan.xunlei.com/s/VOMQIKmLE-m_qMYRY972IBakA1?pwd=xdxb#,/,/,
Autodesk,Civil 3D,Civil3D 2021,/,https://pan.xunlei.com/s/VOMQIUvhbRau83y3_JQfULjSA1?pwd=2ws8#,/,/,
Autodesk,Civil 3D,Civil3D 2020,/,https://pan.xunlei.com/s/VOMQIXiLGZ7GgZrsJ6gnXpGBA1?pwd=6szm#,/,/,
Autodesk,Maya,Maya 2025【Mac】,/,/,https://pan.quark.cn/s/c8adaf6ca7be,/,
Autodesk,Maya,Maya 2026,/,https://pan.xunlei.com/s/VOOAVGgGl8oU6Ld19uXjmPEhA1?pwd=fanz#,/,/,
Autodesk,Maya,Maya 2025,https://pan.baidu.com/s/1-WnjcBGrlzjXlrmVpKjHeQ?pwd=8888,https://pan.xunlei.com/s/VOMQKC7FmMNmVE8IuMlK_ORYA1?pwd=kcve#,/,/,安装教程（需要复刻，不要链接）：https://www.ruancang.net/240.html
Autodesk,Maya,Maya 2024,https://pan.baidu.com/s/1llADvIFjiBf0a-NzN9E3Xw?pwd=8888,https://pan.xunlei.com/s/VOMQKEZHFCdEZ_d9YrBM7jCSA1?pwd=27sg#,/,/,安装教程（需要复刻，不要链接）：https://www.ruancang.net/241.html
Autodesk,Maya,Maya 2023,https://pan.baidu.com/s/1nu7Gm6bDy0igtFAyy6bNWg?pwd=8888,https://pan.xunlei.com/s/VOMQKGRucv8jmeL_1CywLqRMA1?pwd=4n4e#,/,/,安装教程（需要复刻，不要链接）：https://www.ruancang.net/242.html
Autodesk,Maya,Maya 2022,https://pan.baidu.com/s/1kzjuEzQLFAI54dCoxnpTOA?pwd=8888,https://pan.xunlei.com/s/VOMQKJ2wYuv30CYZbIh7W6JMA1?pwd=pmgz#,/,/,安装教程（需要复刻，不要链接）：https://www.ruancang.net/243.html
Autodesk,Maya,Maya 2020,https://pan.baidu.com/s/12HyOOO4g7g-ax75au0PNDQ?pwd=8888,https://pan.xunlei.com/s/VOMQKbxpBl9KzhZa_1_lwaWUA1?pwd=5ihg#,/,/,安装教程（需要复刻，不要链接）：https://www.ruancang.net/244.html
Autodesk,Maya,Maya 2019,https://pan.baidu.com/s/1V5dmcOu7P0zFSFgGgHED2g?pwd=8888,https://pan.xunlei.com/s/VOMQKf53WiKwh1P2X50CTSqFA1?pwd=2j7p#,/,/,安装教程（需要复刻，不要链接）：https://www.ruancang.net/245.html
Autodesk,Maya,Maya 2018,https://pan.baidu.com/s/11LgYGb23BooT_zDZk_VC4Q?pwd=8888,https://pan.xunlei.com/s/VOMQKpvqRPNfO4kiG8qQPbrkA1?pwd=52vi#,/,/,安装教程（需要复刻，不要链接）：https://www.ruancang.net/246.html
Autodesk,Maya,Maya 2017,https://pan.baidu.com/s/1R_Il8FVF1KumpIztc-j0xg?pwd=8888,https://pan.xunlei.com/s/VOMQKyHrGqkJUATQ8bBg3qjDA1?pwd=fwi4#,/,/,安装教程（需要复刻，不要链接）：https://www.ruancang.net/247.html
Autodesk,Maya,Maya 2016,https://pan.baidu.com/s/1EBKFlkZMDVRbKBsSNf96mA?pwd=8888,https://pan.xunlei.com/s/VOMQL8njGqkJUATQ8bBg3w4sA1?pwd=gqdm#,/,/,安装教程（需要复刻，不要链接）：https://www.ruancang.net/248.html
Autodesk,Maya,Maya 2015,https://pan.baidu.com/s/1s-22tylAW66hRcPG7yuefg?pwd=8888,https://pan.xunlei.com/s/VOMQLC0HqQXgJDsOiFfEvE3aA1?pwd=3h4i#,/,/,安装教程（需要复刻，不要链接）：https://www.ruancang.net/249.html
Autodesk,Inventor,Inventor 2026,/,https://pan.xunlei.com/s/VOTiipXmYPmfFEjWbV-zAWRuA1?pwd=ggsr#,/,/,
Autodesk,Inventor,Inventor 2025,/,https://pan.xunlei.com/s/VOMQLxGKgsHiG4tMfOX4aHrTA1?pwd=n6ty#,/,/,
Autodesk,Inventor,Inventor 2024,/,https://pan.xunlei.com/s/VOMQM-_yE-m_qMYRY972K02hA1?pwd=kge6#,/,/,
Autodesk,Inventor,Inventor 2023,/,https://pan.xunlei.com/s/VOMQM2Zj0PkIAKfqcKrKOMMzA1?pwd=33hk#,/,/,
Autodesk,Inventor,Inventor 2022,/,https://pan.xunlei.com/s/VOMQM4dXExitxBhSeorePTqXA1?pwd=3qhu#,/,/,
Autodesk,Inventor,Inventor 2021,/,https://pan.xunlei.com/s/VOMQM6_FgsHiG4tMfOX4aNbkA1?pwd=vhqx#,/,/,
Autodesk,Inventor,Inventor 2020,/,https://pan.xunlei.com/s/VOMQM8Vx9auHI1cKyZHeQyACA1?pwd=hm3g#,/,/,
Autodesk,Inventor,Inventor 2019,/,https://pan.xunlei.com/s/VOMQMM33vxLW6nX3vd1EG0kvA1?pwd=r3p3#,/,/,
Autodesk,天正,天正T20 V10.0,https://pan.baidu.com/s/1yLXrveOfE93btioFHdTtwg?pwd=8888,https://pan.xunlei.com/s/VOMQNkfF4qSuU_24E-U7uI3jA1?pwd=7ddv#,https://pan.quark.cn/s/6f406135b78a,/,安装教程（需要复刻，不要链接）：https://www.ruancang.net/120.html
Autodesk,天正,天正T20 V9.0,https://pan.baidu.com/s/1LMv1rNAtN7nFP_jojSJqCg?pwd=8888,https://pan.xunlei.com/s/VOMQNmeuy5X01OdWp4klPJgYA1?pwd=5dgr#,/,/,安装教程（需要复刻，不要链接）：https://www.ruancang.net/121.html
Autodesk,天正,天正T20 V8.0,https://pan.baidu.com/s/1JUEBxgOv4tpqo1IeCMy2ig?pwd=8888,https://pan.xunlei.com/s/VOMQNpR0qQXgJDsOiFfEwPLAA1?pwd=7riq#,/,/,安装教程（需要复刻，不要链接）：https://www.ruancang.net/122.html
Autodesk,天正,天正T20 V7.0,https://pan.baidu.com/s/12QMNSjGhecsuzw9XItqeQg?pwd=8888,https://pan.xunlei.com/s/VOMQNrA5Y5VZS3UceVO8ueW7A1?pwd=uggh#,/,/,安装教程（需要复刻，不要链接）：https://www.ruancang.net/123.html
Autodesk,天正,天正T20 V6.0,https://pan.baidu.com/s/1qxL77AA9y2F5CJyuwh1QSA?pwd=8888,https://pan.xunlei.com/s/VOMQNtDnc5M5NOpPKHWm1tGwA1?pwd=p4z9#,/,/,安装教程（需要复刻，不要链接）：https://www.ruancang.net/124.html
Autodesk,天正,天正T20 V5.0,https://pan.baidu.com/s/1llQ_R5_67n20zOcG8JYgPQ?pwd=8888,/,/,/,安装教程（需要复刻，不要链接）：https://www.ruancang.net/125.html
Autodesk,天正,天正T20 V4.0,https://pan.baidu.com/s/1EmE2alPixM3fG7hlgvOQPQ?pwd=8888,/,/,/,安装教程（需要复刻，不要链接）：https://www.ruancang.net/126.html
Autodesk,天正,天正T20 V3.0,https://pan.baidu.com/s/1093r_IFKG3jiYFA4H6ggNA?pwd=8888,/,/,/,安装教程（需要复刻，不要链接）：https://www.ruancang.net/127.html
Autodesk,天正,天正T30 V2.0,/,https://pan.xunlei.com/s/VOyUI7irLlI8psjn034d1ad4A1?pwd=6af8#,/,/,
Autodesk,天正,天正T30 V1.0,/,https://pan.xunlei.com/s/VOMQNhT9ExitxBhSeoreQGvAA1?pwd=rkqg#,/,/,
Autodesk,SketchBook,SketchBook 2026,/,https://pan.xunlei.com/s/VOu6zs6RcOrWt_HH7_dfLyjJA1?pwd=knig#,/,/,
Autodesk,SketchBook,SketchBook 2022,/,https://pan.xunlei.com/s/VOMQOM-tExitxBhSeoreQXciA1?pwd=qamw#,/,/,
Autodesk,SketchBook,SketchBook 2021,/,https://pan.xunlei.com/s/VOMQOOh1noYsjEM380W0TcLkA1?pwd=pms2#,/,/,
Autodesk,SketchBook,SketchBook 2020,/,https://pan.xunlei.com/s/VOMQOQidUOhl-Kq49sSdbvCmA1?pwd=swv4#,/,/,
Autodesk,SketchBook,SketchBook 2019,/,https://pan.xunlei.com/s/VOMQOSVxWiKwh1P2X50CVAvgA1?pwd=5jr7#,/,/,
Autodesk,SketchBook,SketchBook 2018,/,https://pan.xunlei.com/s/VOMQOUHDmnEAeuRNIevEDK0IA1?pwd=z9gf#,/,/,
Autodesk,Revit,Revit 2027,/,https://pan.xunlei.com/s/VOqGqJrYRR3-sDyfOLEzlZKOA1?pwd=ugby#,https://pan.quark.cn/s/772be8d57b4f,/,
Autodesk,Revit,Revit 2026,/,https://pan.xunlei.com/s/VOWDvKav2_7nDShU4bdTWcihA1?pwd=auds#,https://pan.quark.cn/s/f0fe40e95032,/,
Autodesk,Revit,Revit 2025,/,https://pan.xunlei.com/s/VOMQP2GQPp_zyq_tjT_wnBUbA1?pwd=8a3y#,https://pan.quark.cn/s/5672520d94df,/,
Autodesk,Revit,Revit 2024,/,https://pan.xunlei.com/s/VOMQP4lKWiKwh1P2X50CVSFAA1?pwd=up4y#,/,/,
Autodesk,Revit,Revit 2023,/,https://pan.xunlei.com/s/VOMQP6sZY5VZS3UceVO8vBSRA1?pwd=5ww6#,/,/,
Autodesk,Revit,Revit 2022,/,https://pan.xunlei.com/s/VOMQP8sCY5VZS3UceVO8vCHMA1?pwd=fqp9#,/,/,
Autodesk,Revit,Revit 2021,/,https://pan.xunlei.com/s/VOMQPB36mMNmVE8IuMlKbgakA1?pwd=hkhn#,/,/,
Autodesk,Revit,Revit 2020,/,https://pan.xunlei.com/s/VOMQPcGyvxLW6nX3vd1EHYA0A1?pwd=bhcz#,/,/,
Autodesk,Revit,Revit 2019,/,https://pan.xunlei.com/s/VOMQPfw3qQXgJDsOiFfExIRqA1?pwd=dd3q#,/,/,
Autodesk,Revit,Revit 2018,/,https://pan.xunlei.com/s/VOMQPpBHnoYsjEM380W0UCi_A1?pwd=ayjg#,/,/,
Autodesk,PowerMILL,PowerMILL 2026,/,https://pan.xunlei.com/s/VOtqufewT1NtOkmOpTCf1-OnA1?pwd=88sp#,/,/,
Autodesk,PowerMILL,PowerMILL 2025 一键直装版,/,https://pan.xunlei.com/s/VOMQQYyp9auHI1cKyZHeSrNHA1?pwd=c7sp#,/,/,
Autodesk,PowerMILL,PowerMILL 2025,/,https://pan.xunlei.com/s/VOMQQaA1nK57dOSaB7YXtghxA1?pwd=qcpq#,/,/,
Autodesk,PowerMILL,PowerMILL 2024,/,https://pan.xunlei.com/s/VOMQQc-bo99O1BlM8d7QjEEwA1?pwd=fv4g#,/,/,
Autodesk,PowerMILL,PowerMILL 2023,/,https://pan.xunlei.com/s/VOMQQdlGYuv30CYZbIh7Z2PhA1?pwd=b4kb#,/,/,
Autodesk,Navisworks,Navisworks 2024,/,https://pan.xunlei.com/s/VOMQR21anz5R8RueopNerKMIA1?pwd=54v3#,/,/,
Autodesk,Navisworks,Navisworks 2023,/,https://pan.xunlei.com/s/VOMQR5P8vxLW6nX3vd1EIBUPA1?pwd=bbri#,/,/,
Autodesk,Moldflow,MMoldflow 2024,/,https://pan.xunlei.com/s/VOMQRYbgFCdEZ_d9YrBMBAIFA1?pwd=vwev#,/,/,
Autodesk,Moldflow,MMoldflow 2023,/,https://pan.xunlei.com/s/VOMQRaN6ExitxBhSeoreS-VNA1?pwd=5gp3#,/,/,
Autodesk,Moldflow,MMoldflow 2021,/,https://pan.xunlei.com/s/VOMQRh6TvxLW6nX3vd1EIUMDA1?pwd=h84q#,/,/,
Autodesk,Moldflow,MMoldflow 2019,/,https://pan.xunlei.com/s/VOMQRjd2RQrM2vRsHj15yiSMA1?pwd=ykgj#,/,/,
Autodesk,Moldflow,MMoldflow 2018,/,https://pan.xunlei.com/s/VOMQRr8EY5VZS3UceVO8wOhYA1?pwd=a4ue#,/,/,
Autodesk,ArtCAM,ArtCAM 2017,/,https://pan.xunlei.com/s/VOMQSUGkC6tQm2WokN7Wo9R3A1?pwd=2mxm#,/,/,
Autodesk,Mudbox,Mudbox 2024,/,https://pan.xunlei.com/s/VOMQSx2Lul-iSo0VAJUFDAkpA1?pwd=eqfk#,/,/,
Autodesk,Mudbox,Mudbox 2023,/,https://pan.xunlei.com/s/VOMQSz5wc5M5NOpPKHWm4AmOA1?pwd=rfc4#,/,/,
Autodesk,Mudbox,Mudbox 2022,/,https://pan.xunlei.com/s/VOMQT0VdnK57dOSaB7YXuzrEA1?pwd=mqq6#,/,/,
Autodesk,南方CASS,CASS 11.9支持CAD2024,/,https://pan.xunlei.com/s/VOS7g2ivjKl0rR2T1CUxMTLiA1?pwd=aagp#,/,/,
Autodesk,南方CASS,CASS 11,/,https://pan.xunlei.com/s/VOS7ivFiBacSK-Fu5tuu0rnmA1?pwd=ke6m#,/,/,
Autodesk,Vero visi,Vero VISI 2023,/,https://pan.xunlei.com/s/VOMQU1NNokwKalv9Kwgf6kfWA1?pwd=r6ep#,/,/,
Autodesk,Vero visi,Vero VISI 2021,/,https://pan.xunlei.com/s/VOMQU1NNokwKalv9Kwgf6kfWA1?pwd=r6ep#,/,/,
Autodesk,Vero visi,Vero VISI 2020,/,https://pan.xunlei.com/s/VOMQU6wXc5M5NOpPKHWm4dygA1?pwd=hvxp#,/,/,
JetBrains,JetBrains 系列通用破解工具,破解工具,/,https://pan.xunlei.com/s/VOMSmm09ebyf-1r24mOpbmvqA1?pwd=e4e3#,/,/,
JetBrains,IDEA,IntelliJ IDEA 2026,/,https://pan.xunlei.com/s/VOt-GG7T1rp31IL9gt5REa2SA1?pwd=g7zt#,/,/,
JetBrains,IDEA,IntelliJ IDEA 2025,/,https://pan.xunlei.com/s/VORE8Xa_uOJSoThd9-tlIFvbA1?pwd=epbp#,/,/,
JetBrains,IDEA,IntelliJ IDEA 2024,/,https://pan.xunlei.com/s/VOMSnmOinI6tPxqY_xjDLZoCA1?pwd=m3mr#,/,/,
JetBrains,IDEA,IntelliJ IDEA 2023,/,/,https://pan.quark.cn/s/f4283fbef9cf,/,
JetBrains,IDEA,IntelliJ IDEA 2022,/,https://pan.xunlei.com/s/VOMSogIf9auHI1cKyZHfnLc5A1?pwd=a5c3#,/,/,
JetBrains,IDEA,IntelliJ IDEA 2021,/,https://pan.xunlei.com/s/VOMSoiiwebyf-1r24mOpd2QtA1?pwd=qnqt#,/,/,
JetBrains,IDEA,IntelliJ IDEA 2020,/,https://pan.xunlei.com/s/VOMSokoe_zRzlnouyqNH26plA1?pwd=ws2u#,/,/,
JetBrains,IDEA,IntelliJ IDEA 2019,/,https://pan.xunlei.com/s/VOMSomstvvzh6cqN28b8q42fA1?pwd=83fe#,/,/,
JetBrains,IDEA,IntelliJ IDEA 2018,/,https://pan.xunlei.com/s/VOMSop5e3dkTvIDhp6R1RURkA1?pwd=cgp4#,/,/,
JetBrains,PyCharm,IntelliJ pyCharm 2025,/,https://pan.xunlei.com/s/VORE8ruB7_ok-AHpZ0YwejFrA1?pwd=2gn4#,/,/,
JetBrains,PyCharm,IntelliJ pyCharm 2024,/,https://pan.xunlei.com/s/VOMStCR7ouybTDgdVy-kLA_rA1?pwd=f32b#,/,/,
JetBrains,PyCharm,IntelliJ pyCharm 2023,/,/,https://pan.quark.cn/s/6bda18441df2,/,
JetBrains,PyCharm,IntelliJ pyCharm 2022,/,https://pan.xunlei.com/s/VOMStcyQb2mtUhh9NZyU19u6A1?pwd=avb2#,/,/,
JetBrains,PyCharm,IntelliJ pyCharm 2021,/,https://pan.xunlei.com/s/VOMStgigzBjvgtYSL7iXArZxA1?pwd=smvb#,/,/,
JetBrains,PyCharm,IntelliJ pyCharm 2020,/,https://pan.xunlei.com/s/VOMStjGXqvtvLjxKcOVJ7wyJA1?pwd=mdjh#,/,/,
JetBrains,PyCharm,IntelliJ pyCharm 2019,/,https://pan.xunlei.com/s/VOMStlUhb1qOpZaeAed9pEgqA1?pwd=9q2m#,/,/,
JetBrains,PyCharm,IntelliJ pyCharm 2018,/,https://pan.xunlei.com/s/VOMStnl6ebyf-1r24mOpgXOnA1?pwd=gy5w#,/,/,
JetBrains,WebStorm,IntelliJ webStorm 2025,/,https://pan.xunlei.com/s/VORE96LM_rvPxBphZM20dVtuA1?pwd=9qia#,/,/,
JetBrains,WebStorm,IntelliJ webStorm 2024,/,https://pan.xunlei.com/s/VOMSuJc_nI6tPxqY_xjDPzdXA1?pwd=b2u7#,/,/,
JetBrains,WebStorm,IntelliJ webStorm 2023,/,/,https://pan.quark.cn/s/fd5fa32da744,/,
JetBrains,WebStorm,IntelliJ webStorm 2022,/,https://pan.xunlei.com/s/VOMSuYnFD1RENLZayygl-ow4A1?pwd=a8m5#,/,/,
JetBrains,WebStorm,IntelliJ webStorm 2021,/,https://pan.xunlei.com/s/VOMSuaAvD1RENLZayygl-prOA1?pwd=vvq9#,/,/,
JetBrains,WebStorm,IntelliJ webStorm 2020,/,https://pan.xunlei.com/s/VOMSucPPE8VSPddHJ7V2wMAlA1?pwd=g3h2#,/,/,
JetBrains,WebStorm,IntelliJ webStorm 2019,/,https://pan.xunlei.com/s/VOMSuepq3cd0sACX4x5h7mhUA1?pwd=cdhd#,/,/,
JetBrains,WebStorm,IntelliJ webStorm 2018,/,https://pan.xunlei.com/s/VOMSugnb3cd0sACX4x5h7nR1A1?pwd=9jkw#,/,/,
JetBrains,PhpStorm,IntelliJ phpStorm 2025,/,https://pan.xunlei.com/s/VORE9M9BuOJSoThd9-tlIU7VA1?pwd=nu9y#,/,/,
JetBrains,PhpStorm,IntelliJ phpStorm 2024,/,https://pan.xunlei.com/s/VOMSvqAN3liF3EjfgR44s0apA1?pwd=kqt9#,/,/,
JetBrains,PhpStorm,IntelliJ phpStorm 2023,/,/,https://pan.quark.cn/s/d7729d7a3781,/,
JetBrains,PhpStorm,IntelliJ phpStorm 2022,/,https://pan.xunlei.com/s/VOMSvzKrcCGlkdJohD9odCZvA1?pwd=8wfm#,/,/,
JetBrains,PhpStorm,IntelliJ phpStorm 2021,/,https://pan.xunlei.com/s/VOMSw0fvgEsLegm6oGnVKiZuA1?pwd=zsym#,/,/,
JetBrains,PhpStorm,IntelliJ phpStorm 2020,/,https://pan.xunlei.com/s/VOMSw3HRIHsFiWoMiPcXSZvBA1?pwd=m2ph#,/,/,
JetBrains,PhpStorm,IntelliJ phpStorm 2019,/,https://pan.xunlei.com/s/VOMSw6OA1fkZ4_jrtgME3xSSA1?pwd=ii69#,/,/,
JetBrains,PhpStorm,IntelliJ phpStorm 2018,/,https://pan.xunlei.com/s/VOMSwKiL_vC1xtLDN7rSrZ41A1?pwd=wwax#,/,/,
JetBrains,ReSharper,IntelliJ ReSharper 2023,/,/,https://pan.quark.cn/s/9180694ce8a8,/,
JetBrains,CLion,IntelliJ CLion 2025,/,https://pan.xunlei.com/s/VORE9a1c7-dZAzGsPToozliCA1?pwd=4sra#,/,/,
JetBrains,CLion,IntelliJ CLion 2024,/,https://pan.xunlei.com/s/VOMT12fQferOIACgfAZ2koOiA1?pwd=fnsj#,/,/,
JetBrains,CLion,IntelliJ CLion 2023,/,/,https://pan.quark.cn/s/346244f90fa9,/,
JetBrains,CLion,IntelliJ CLion 2022,/,https://pan.xunlei.com/s/VOMT1PU7aW7m0c8zMZZlVI8KA1?pwd=bfna#,/,/,
JetBrains,CLion,IntelliJ CLion 2021,/,https://pan.xunlei.com/s/VOMT1Rq99auHI1cKyZHfv1uNA1?pwd=cxfb#,/,/,
JetBrains,CLion,IntelliJ CLion 2020,/,https://pan.xunlei.com/s/VOMT1WA4b1qOpZaeAed9td3xA1?pwd=hzzr#,/,/,
JetBrains,CLion,IntelliJ CLion 2019,/,https://pan.xunlei.com/s/VOMT2jY_DqCu5H-skFsryGmoA1?pwd=hft7#,/,/,
JetBrains,CLion,IntelliJ CLion 2018,/,https://pan.xunlei.com/s/VOMT1ZjR-g6JSo2qUpTnOjFZA1?pwd=f95r#,/,/,
JetBrains,Rider,IntelliJ Rider 2025,/,https://pan.xunlei.com/s/VORE9vVHRhxAHjwa5aLXeMIxA1?pwd=s3tn#,/,/,
JetBrains,Rider,IntelliJ Rider 2024,/,https://pan.xunlei.com/s/VOMT4MGl3cd0sACX4x5hCxCvA1?pwd=67zw#,/,/,
JetBrains,Rider,IntelliJ Rider 2023,/,/,https://pan.quark.cn/s/da9e1e742103,/,
JetBrains,DataGrip,IntelliJ DataGrip 2025,/,https://pan.xunlei.com/s/VOREA9XrNRz93aawaXIIQy9qA1?pwd=2gdk#,/,/,
JetBrains,DataGrip,IntelliJ DataGrip 2024,/,https://pan.xunlei.com/s/VOMUomU4raLAGDIYaRXNI_BiA1?pwd=xyty#,/,/,
JetBrains,DataGrip,IntelliJ DataGrip 2023,/,/,https://pan.quark.cn/s/fee98fcde476,/,
JetBrains,GoLand,IntelliJ GoLand 2025,/,https://pan.xunlei.com/s/VOREAKLVVbm3Oayhiruw0r5YA1?pwd=e3g8#,/,/,
JetBrains,GoLand,IntelliJ GoLand 2024,/,https://pan.xunlei.com/s/VOMUrn7Aebyf-1r24mOqNaoGA1?pwd=76kv#,/,/,
JetBrains,GoLand,IntelliJ GoLand 2023,/,/,https://pan.quark.cn/s/05f7dbacefbb,/,
JetBrains,GoLand,IntelliJ GoLand 2022,/,https://pan.xunlei.com/s/VOMUs3dGcCGlkdJohD9pGqMbA1?pwd=39su#,/,/,
JetBrains,GoLand,IntelliJ GoLand 2021,/,https://pan.xunlei.com/s/VOMUs74fDqCu5H-skFssXYMzA1?pwd=vzkg#,/,/,
JetBrains,GoLand,IntelliJ GoLand 2020,/,https://pan.xunlei.com/s/VOMUs97GuL5kz_Qg5tnYE_9CA1?pwd=3p4g#,/,/,
JetBrains,GoLand,IntelliJ GoLand 2019,/,https://pan.xunlei.com/s/VOMUsIFRqvtvLjxKcOVJlx-yA1?pwd=bw9n#,/,/,
JetBrains,GoLand,IntelliJ GoLand 2018,/,https://pan.xunlei.com/s/VOMUsLUP3cd0sACX4x5hmP9BA1?pwd=h49i#,/,/,
JetBrains,ReSharper C++,IntelliJ ReSharper C++ 2023,/,/,https://pan.quark.cn/s/282ba05a8c3d,/,
平面设计,SAI,SAI2 2025,/,https://pan.xunlei.com/s/VOoZpIlURCFH6775MzXNrs9fA1?pwd=qntd#,/,/,
平面设计,SAI,SAI2 2024,/,https://pan.xunlei.com/s/VOMVyft3nI6tPxqY_xjEgbJrA1?pwd=i334#,/,/,
平面设计,SAI,SAI2 2023,/,https://pan.xunlei.com/s/VOMVyiKGCH68-ncxsAmI2aL9A1?pwd=t56y#,/,/,
平面设计,SAI,SAI2 2022,/,https://pan.xunlei.com/s/VOMVyk5u3liF3EjfgR463Fp4A1?pwd=g7h3#,/,/,
平面设计,Sketchpad,Sketchpad 5.0.6,/,https://pan.xunlei.com/s/VOMVz-t63cd0sACX4x5iLfDWA1?pwd=7exa#,/,/,
平面设计,Capture One,Capture One 23,/,https://pan.xunlei.com/s/VOMVzSqAebyf-1r24mOqyZVpA1?pwd=fsrv#,/,/,
平面设计,Capture One,Capture One 22,/,https://pan.xunlei.com/s/VOMVzV5c_vC1xtLDN7rU3DITA1?pwd=ndi4#,/,/,
平面设计,Capture One,Capture One 21,/,https://pan.xunlei.com/s/VOMVzXItzBjvgtYSL7iYOCXiA1?pwd=ndiu#,/,/,
平面设计,Luminar Neo,Luminar Neo【mac版本】,/,https://pan.xunlei.com/s/VOMVzteQE8VSPddHJ7V48wu9A1?pwd=xqi9#,/,/,
平面设计,Luminar Neo,Luminar Neo 1.20,/,https://pan.xunlei.com/s/VOMW-19IFeXTnAteQe3ftbsYA1?pwd=yeqx#,/,/,
平面设计,Luminar Neo,Luminar Neo 1.19,/,https://pan.xunlei.com/s/VOMW-3t7b1qOpZaeAedB24tYA1?pwd=bfqe#,/,/,
数据分析,SPSS,SPSS 27,/,https://pan.xunlei.com/s/VOMNlVgfExitezlNESw8bITOA1?pwd=tq7q#,/,/,
数据分析,SPSS,SPSS 26,/,https://pan.xunlei.com/s/VOMNlmDFc5M5NOpPKHWlCgYvA1?pwd=rwe2#,/,/,
数据分析,SPSS,SPSS 25,/,https://pan.xunlei.com/s/VOMNlpJSBzZfHjXf2m72pTTZA1?pwd=xcew#,/,/,
数据分析,SPSS,SPSS 24,/,https://pan.xunlei.com/s/VOMNlyxIc5M5NOpPKHWlClUiA1?pwd=qe76#,/,/,
数据分析,SPSS,SPSS 23,/,https://pan.xunlei.com/s/VOMNm0MHbRau83y3_JQegUD-A1?pwd=ggen#,/,/,
数据分析,SPSS,SPSS 22,/,https://pan.xunlei.com/s/VOMNm2zO2kdf58-ry6gMdyBNA1?pwd=vrs3#,/,/,
数据分析,Origin,Origin 2025B,/,https://pan.xunlei.com/s/VOWDoozQRiiUYk6AT92TMSS4A1?pwd=hp87#,/,/,
数据分析,Origin,Origin 2024,/,https://pan.xunlei.com/s/VOMNo0OvbutM3xhvguuOIjfhA1?pwd=c943#,/,/,
数据分析,Origin,Origin 2022,/,https://pan.xunlei.com/s/VOMNo5xvE-m_qMYRY971WlwZA1?pwd=y5cg#,/,/,
数据分析,Origin,Origin 2021,/,https://pan.xunlei.com/s/VOMNo9H4BzZfHjXf2m72qfdAA1?pwd=cmym#,/,/,
数据分析,Origin,Origin 2019,/,https://pan.xunlei.com/s/VOMNoBbFE-m_qMYRY971WoIWA1?pwd=p3n5#,/,/,
数据分析,Origin,Origin 2018,/,https://pan.xunlei.com/s/VOMNq2MUbutM3xhvguuOJuolA1?pwd=psj2#,/,/,
数据分析,Origin,Origin 2017,/,https://pan.xunlei.com/s/VOMNoGg9nK57dOSaB7YX2g0-A1?pwd=ssbe#,/,/,
数据分析,Matlab,Matlab 2026A,/,https://pan.xunlei.com/s/VOu6HsCELkeq_ZCodHUbW8pDA1?pwd=gtux#,/,/,
数据分析,Matlab,Matlab 2025A,/,https://pan.xunlei.com/s/VOTPVyzHSCcRaeA_4hBI8kBiA1?pwd=mpr8#,/,/,
数据分析,Matlab,Matlab 2024B,/,https://pan.xunlei.com/s/VOMNvupQ0PkIAKfqcKrJcbWgA1?pwd=padn#,/,/,
数据分析,Matlab,Matlab 2024A,/,https://pan.xunlei.com/s/VOMNvzbYauZ6shuO436frGcWA1?pwd=kxms#,/,/,
数据分析,Matlab,Matlab 2023B,/,https://pan.xunlei.com/s/VOMNw3kdul-iSo0VAJUEOJTOA1?pwd=ik8u#,/,/,
数据分析,Matlab,Matlab 2023A,/,https://pan.xunlei.com/s/VOMNw7u7Y5VZS3UceVO8801UA1?pwd=wt6h#,/,/,
数据分析,Matlab,Matlab 2022B,/,https://pan.xunlei.com/s/VOMNwBcQauZ6shuO436frKW1A1?pwd=jptg#,/,/,
数据分析,Matlab,Matlab 2022A,/,https://pan.xunlei.com/s/VOMNwDtqUOhl-Kq49sScpklxA1?pwd=8war#,/,/,
数据分析,Matlab,Matlab 2021B,/,https://pan.xunlei.com/s/VOMNwsp5qQXgJDsOiFfE8XarA1?pwd=ndkd#,/,/,
数据分析,Matlab,Matlab 2021A,/,https://pan.xunlei.com/s/VOMNwx2bGqkJZ56yXVoMyuT2A1?pwd=rzu4#,/,/,
数据分析,Matlab,Matlab 2020B,/,https://pan.xunlei.com/s/VOMNxDUk_lWoVC33WZq9Q9DqA1?pwd=e4as#,/,/,
数据分析,Matlab,Matlab 2020A,/,https://pan.xunlei.com/s/VOMNxuF4RPNfO4kiG8qPejqLA1?pwd=6eku#,/,/,
数据分析,Matlab,Matlab 2019B,/,https://pan.xunlei.com/s/VOMNxxvC_lWoVC33WZq9QQnAA1?pwd=fwvt#,/,/,
数据分析,Matlab,Matlab 2019A,/,https://pan.xunlei.com/s/VOMNy-fSCtWuA0AY2Y7ZISySA1?pwd=kehw#,/,/,
数据分析,Matlab,Matlab 2018B,/,https://pan.xunlei.com/s/VOMNyMEFul-iSo0VAJUEPDHmA1?pwd=mu9p#,/,/,
数据分析,Matlab,Matlab 2018A,/,https://pan.xunlei.com/s/VOMNyOaEPp_zyq_tjT_w-I6HA1?pwd=ed5s#,/,/,
数据分析,Matlab,Matlab 2017B,/,https://pan.xunlei.com/s/VOMNySH3noYsjEM380W-hxDNA1?pwd=mw6f#,/,/,
数据分析,Matlab,Matlab 2017A,/,https://pan.xunlei.com/s/VOMNyVetRPNfO4kiG8qPey-UA1?pwd=tum9#,/,/,
数据分析,Matlab,Matlab 2016B,/,https://pan.xunlei.com/s/VOMNynzv_lWoVC33WZq9Qkq4A1?pwd=3yjk#,/,/,
数据分析,Matlab,Matlab 2016A,/,https://pan.xunlei.com/s/VOMNyquHy5X01OdWp4kkbx1nA1?pwd=ks7r#,/,/,
数据分析,Amos,Amos 28,/,https://pan.xunlei.com/s/VOMNz71CGZ7GgZrsJ6gmq172A1?pwd=jyis#,/,/,
数据分析,EViews,EViews 13,/,https://pan.xunlei.com/s/VOMNzK0zGqkJZ56yXVoMzhQqA1?pwd=h4gc#,/,/,
数据分析,Minitab,Minitab 21,/,https://pan.xunlei.com/s/VOMO-14ao99O1BlM8d7PyjbYA1?pwd=tchf#,/,/,
数据分析,Minitab,Minitab 20,/,https://pan.xunlei.com/s/VOMO-3ZRauZ6shuO436fsdQcA1?pwd=z6ff#,/,/,
数据分析,Minitab,Minitab 19,/,https://pan.xunlei.com/s/VOMO-5bFbRau83y3_JQem2xXA1?pwd=hhbv#,/,/,
数据分析,Minitab,Minitab 18,/,https://pan.xunlei.com/s/VOMO-7jnBzZfHjXf2m72vKwrA1?pwd=4v5j#,/,/,
数据分析,Minitab,Minitab 17,/,https://pan.xunlei.com/s/VOMO-9xiRPNfO4kiG8qPfW3-A1?pwd=m7p2#,/,/,
数据分析,Minitab,Minitab 16,/,https://pan.xunlei.com/s/VOMO-C8EE-m_qMYRY971aVE0A1?pwd=sjza#,/,/,
数据分析,Stata,Stata 18,/,https://pan.xunlei.com/s/VOMO0rwiCtWuA0AY2Y7ZJh1jA1?pwd=3ww6#,/,/,
数据分析,Stata,Stata 17,/,https://pan.xunlei.com/s/VOMO0wzsWiKwh1P2X50Bkx--A1?pwd=76vm#,/,/,
数据分析,Stata,Stata 16,/,https://pan.xunlei.com/s/VOMO0zNDc5M5NOpPKHWlJBsKA1?pwd=53du#,/,/,
数据分析,Stata,Stata 15,/,https://pan.xunlei.com/s/VOMO10vcauZ6Uv71cgwgQ9WZA1?pwd=etav#,/,/,
数据分析,Maple,Maple 2024,/,https://pan.xunlei.com/s/VOMO23Mlnz5R8RueopNe6OYuA1?pwd=6act#,/,/,
数据分析,Maple,Maple 2023,/,https://pan.xunlei.com/s/VOMO2EmXC6tQm2WokN7W1IXpA1?pwd=qwfg#,/,/,
数据分析,Maple,Maple 2022,/,https://pan.xunlei.com/s/VOMO2I7ueKplm5_QOppC2TwOA1?pwd=ifq3#,/,/,
数据分析,Maple,Maple 2021,/,https://pan.xunlei.com/s/VOMO2KNmlZaV6altaliUnGYRA1?pwd=ajcq#,/,/,
数据分析,Maple,Maple 2020,/,https://pan.xunlei.com/s/VOMO2_DuY5VZS3UceVO8AT6SA1?pwd=3pf5#,/,/,
数据分析,Maple,Maple 2019,/,https://pan.xunlei.com/s/VOMO2uinmMNmVE8IuMlJsHL7A1?pwd=zzqd#,/,/,
数据分析,Maple,Maple 2018,/,https://pan.xunlei.com/s/VOMO3JzGnoYsjEM380W-jeBLA1?pwd=zjdz#,/,/,
数据分析,Maple,Maple 2017,/,https://pan.xunlei.com/s/VOMO3NK9butM3xhvguuOOuFMA1?pwd=qh7d#,/,/,
数据分析,Cytoscape,Cytoscape 3.10,/,https://pan.xunlei.com/s/VOMPX-6OWiKwh1P2X50C7lqsA1?pwd=5yn3#,/,/,
数据分析,Cytoscape,Cytoscape 3.9,/,https://pan.xunlei.com/s/VOMPX0z2Pp_zyq_tjT_wPQM3A1?pwd=km8r#,/,/,
数据分析,Cytoscape,Cytoscape 3.8,/,https://pan.xunlei.com/s/VOMPX34ec5M5NOpPKHWlfiixA1?pwd=4dkh#,/,/,
数据分析,Cytoscape,Cytoscape 3.7,/,https://pan.xunlei.com/s/VOMPX58yeKplm5_QOppCQ4iwA1?pwd=4uh2#,/,/,
数据分析,SAS,SAS 9.4,/,https://pan.xunlei.com/s/VOMPXWhiRQrM2vRsHj15_xMjA1?pwd=7c6x#,/,/,
数据分析,MathType,MathType 7.7,/,https://pan.xunlei.com/s/VOMPY19E2kdf58-ry6gN7zBNA1?pwd=3tp3#,/,/,
数据分析,MathType,MathType 7.4,/,https://pan.xunlei.com/s/VOMPY37lqQXgJDsOiFfEZTmNA1?pwd=3gzz#,/,/,
数据分析,MathType,MathType 6.9,/,https://pan.xunlei.com/s/VOMPY55BWiKwh1P2X50C86SYA1?pwd=m49d#,/,/,
数据分析,LaTeX,LaTeX 2026,/,https://pan.xunlei.com/s/VOu6IqQc9meacqd_pE8FjUXYA1?pwd=483g#,/,/,
数据分析,LaTeX,LaTeX 2025,/,https://pan.xunlei.com/s/VOMPYTNTnoYsjEM380W05oaXA1?pwd=a4sj#,/,/,
数据分析,LaTeX,LaTeX 2024,/,https://pan.xunlei.com/s/VOMPYVTXul-iSo0VAJUEnfMRA1?pwd=azrm#,/,/,
数据分析,AxMath,AxMath 2.6,/,https://pan.xunlei.com/s/VOMPZXUMgsHiG4tMfOX4FJSYA1?pwd=u38u#,/,/,
数据分析,Mplus,Mplus 8.7,/,https://pan.xunlei.com/s/VOMPViMRRPNfO4kiG8qQ2qC0A1?pwd=iegd#,/,/,
数据分析,Mplus,Mplus 8.3,/,https://pan.xunlei.com/s/VOMPVpCFGqkJUATQ8bBfhhdwA1?pwd=2agv#,/,/,
数据分析,Mplus,Mplus 7.4,/,https://pan.xunlei.com/s/VOMPVuuMRPNfO4kiG8qQ2v-8A1?pwd=7sc7#,/,/,
建筑设计,Adams,adams 2020,/,https://pan.xunlei.com/s/VOMW-mr6b2mtUhh9NZyVFFiTA1?pwd=ebrx#,/,/,
建筑设计,Abaqus,Abaqus 2025,/,https://pan.xunlei.com/s/VOMW0B-w_vC1xtLDN7rU49gkA1?pwd=p6c4#,/,/,
建筑设计,Abaqus,Abaqus 2024,/,https://pan.xunlei.com/s/VOMW0CxFferOIACgfAZ3vu_VA1?pwd=hth4#,/,/,
建筑设计,Abaqus,Abaqus 2023,/,https://pan.xunlei.com/s/VOMW0NNqEyxWY33Fivuj1X3tA1?pwd=bym8#,/,/,
建筑设计,Abaqus,Abaqus 2022,/,https://pan.xunlei.com/s/VOMW0Paab0qlKE8avUCx5c5IA1?pwd=7xai#,/,/,
建筑设计,Abaqus,Abaqus 2021,/,https://pan.xunlei.com/s/VOMW0RVYZMOV8ibZaz9S0bokA1?pwd=exsq#,/,/,
建筑设计,Abaqus,Abaqus 2020,/,https://pan.xunlei.com/s/VOMW0TKYTP5lDXF3nWw2DRIYA1?pwd=jegh#,/,/,
建筑设计,Abaqus,Abaqus 2016,/,https://pan.xunlei.com/s/VOMW0VIID1RENLZayygmEP98A1?pwd=qj7e#,/,/,
建筑设计,Midas Civil,Midas Civil 2022,/,https://pan.xunlei.com/s/VOMW0t4WTP5lDXF3nWw2Dd2bA1?pwd=xsb7#,/,/,
建筑设计,Midas Civil,Midas Civil 2019,/,https://pan.xunlei.com/s/VOMW0wnJ3liF3EjfgR464u61A1?pwd=en38#,/,/,
建筑设计,Midas Civil,Midas Civil 2017,/,https://pan.xunlei.com/s/VOMW0ytFnI6tPxqY_xjEiRJVA1?pwd=9u4n#,/,/,
软件开发,Navicat,Navicat (mac版),/,https://pan.xunlei.com/s/VOMUz7UMzBjvgtYSL7iXsNSlA1?pwd=6zux#,/,/,
软件开发,Navicat,Navicat 17),/,https://pan.xunlei.com/s/VOMUzB0ETP5lDXF3nWw1gi_5A1?pwd=7pc8#,/,/,
软件开发,Navicat,Navicat 16,/,https://pan.xunlei.com/s/VOMUzDP6gEsLegm6oGnW04IqA1?pwd=f2vf#,/,/,
软件开发,Keil,Keil MDK 5.14,/,https://pan.xunlei.com/s/VOY9lOgXreCgpJP9SvtYfAnTA1?pwd=a4uf#,/,/,
软件开发,Keil,Keil5 C51v960 + MDK525,/,https://pan.xunlei.com/s/VOMV-0UL_zRzlnouyqNHnh9CA1?pwd=gzck#,/,/,
软件开发,Keil,Keil uvision5 C51v959,/,https://pan.xunlei.com/s/VOMV-3Wq3cd0sACX4x5hq2XzA1?pwd=c2ws#,/,/,
软件开发,Keil,Keil uvision5 C51v957,/,https://pan.xunlei.com/s/VOMV-5fG8k0xv8bqjfHaEBzUA1?pwd=wwxu#,/,/,
软件开发,Keil,Keil uvision5 MDKv518,/,https://pan.xunlei.com/s/VOMV-89PuL5kz_Qg5tnYIHOdA1?pwd=4893#,/,/,
软件开发,Visual Studio,Visual Studio 2022,/,https://pan.xunlei.com/s/VOMV034AytJ14vC9ucApt35iA1?pwd=537d#,/,/,
软件开发,Visual Studio,Visual Studio 2019,/,https://pan.xunlei.com/s/VOMV05SKJkpurpEVYRtXprnmA1?pwd=hqcd#,/,/,
软件开发,Visual Studio,Visual Studio 2017,/,https://pan.xunlei.com/s/VOMV07OsCz1ockQZ1IVZTd-qA1?pwd=fzsr#,/,/,
软件开发,Visual Studio,Visual Studio 2015,/,https://pan.xunlei.com/s/VOMV09IADqCu5H-skFssbLH6A1?pwd=757t#,/,/,
软件开发,Visual Studio,Visual Studio 2013,/,https://pan.xunlei.com/s/VOMV0BBJE8VSPddHJ7V3eE_CA1?pwd=2rn6#,/,/,
软件开发,Visual Studio,Visual Studio 2012,/,https://pan.xunlei.com/s/VOMV0DNQIHsFiWoMiPcY9JkrA1?pwd=gy4y#,/,/,
软件开发,Visual Studio,Visual Studio 2010,/,https://pan.xunlei.com/s/VOMV0FPOEyxWY33FivuiVzNsA1?pwd=xabj#,/,/,
软件开发,Visual Studio Code,Visual Studio Code 2024,/,https://pan.xunlei.com/s/VOMV0g4QJkpurpEVYRtXq44lA1?pwd=ttkj#,/,/,
软件开发,Visual Studio Code,Visual Studio Code 2023,/,https://pan.xunlei.com/s/VOMV0iSh3liF3EjfgR45ZsQtA1?pwd=pjut#,/,/,
软件开发,小熊猫DevC++,小熊猫DevC++,/,https://pan.xunlei.com/s/VOMV133YaW7m0c8zMZZm9KD5A1?pwd=cyjx#,/,/,
软件开发,DevC++,DevC++,/,https://pan.xunlei.com/s/VOMV1HY3xmY1a6KPEe_X6mhfA1?pwd=et8y#,/,/,
软件开发,LabVIEW,LabVIEW 2025,/,https://pan.xunlei.com/s/VOMV1x6Q8k0xv8bqjfHaFQNAA1?pwd=itgd#,/,/,
软件开发,LabVIEW,LabVIEW 2024,/,https://pan.xunlei.com/s/VOMV2-gLCz1ockQZ1IVZUQd3A1?pwd=sjfv#,/,/,
软件开发,LabVIEW,LabVIEW 2023,/,https://pan.xunlei.com/s/VOMV21diZq67cBJEp4l8xbSIA1?pwd=5ik8#,/,/,
软件开发,LabVIEW,LabVIEW 2022,/,https://pan.xunlei.com/s/VOMV23jTCH68-ncxsAmH_CwqA1?pwd=niwx#,/,/,
软件开发,LabVIEW,LabVIEW 2021,/,https://pan.xunlei.com/s/VOMV25yeferOIACgfAZ3QoSZA1?pwd=fpix#,/,/,
软件开发,LabVIEW,LabVIEW 2020,/,https://pan.xunlei.com/s/VOMV27wA3liF3EjfgR45_VNyA1?pwd=wcki#,/,/,
软件开发,LabVIEW,LabVIEW 2019,/,https://pan.xunlei.com/s/VOMV2A1xaW7m0c8zMZZm9jIkA1?pwd=xna5#,/,/,
软件开发,LabVIEW,LabVIEW 2018,/,https://pan.xunlei.com/s/VOMV2ByN_vC1xtLDN7rTZnlGA1?pwd=sznm#,/,/,
软件开发,LabVIEW,LabVIEW 2017,/,https://pan.xunlei.com/s/VOMV2E02ferOIACgfAZ3QseJA1?pwd=548t#,/,/,
软件开发,SecureCRT,SecureCRT8安装包带安装激活视频,/,https://pan.xunlei.com/s/VOMV2i8J_vC1xtLDN7rT_1cuA1?pwd=7rmn#,/,/,
软件开发,Xshell,Xshell7安装包带安装激活视频,/,https://pan.xunlei.com/s/VOMV37HrTP5lDXF3nWw1iqIMA1?pwd=qhx5#,/,/,
软件开发,Axure,Axure RP Pro9.0,/,https://pan.xunlei.com/s/VOMV3SPMBoXFkDo8WpWPaBlNA1?pwd=hni3#,/,/,
软件开发,Anaconda,Anaconda 2023,/,https://pan.xunlei.com/s/VOMV427cb0qlKE8avUCwb8cvA1?pwd=rqu4#,/,/,
软件开发,Anaconda,Anaconda 2022,/,https://pan.xunlei.com/s/VOMV44bA-g6JSo2qUpTo3LUfA1?pwd=2eqk#,/,/,
软件开发,Anaconda,Anaconda 2021,/,https://pan.xunlei.com/s/VOMV46PjL_C3v43dqbgXW-wCA1?pwd=embd#,/,/,
软件开发,Anaconda,Anaconda 2020,/,https://pan.xunlei.com/s/VOMV48I7qvtvLjxKcOVJrqedA1?pwd=pxek#,/,/,
软件开发,Anaconda,Anaconda 2019,/,https://pan.xunlei.com/s/VOMV4AG-zBjvgtYSL7iXvFm2A1?pwd=8s9x#,/,/,
软件开发,Anaconda,Anaconda 2018,/,https://pan.xunlei.com/s/VOMV4C67L_C3v43dqbgXW1g0A1?pwd=5sya#,/,/,
软件开发,Android Studio,Android Studio 2022,/,https://pan.xunlei.com/s/VOMV4UFCgEsLegm6oGnW2ktfA1?pwd=b235#,/,/,
软件开发,Typora,Typora 1.10.8,/,https://pan.xunlei.com/s/VOSh5CXS68Q3GV37QJ8RxKr_A1?pwd=sjbk#,/,/,
软件开发,Typora,Typora 1.9.5,/,https://pan.xunlei.com/s/VOMV57FbouybTDgdVy-l5wP8A1?pwd=v4ji#,/,/,
软件开发,Typora,Typora 1.9.4,/,https://pan.xunlei.com/s/VOMV5A-pgEsLegm6oGnW32SfA1?pwd=69c8#,/,/,
软件开发,Typora,Typora 1.9.3,/,https://pan.xunlei.com/s/VOMV5CZGL_C3v43dqbgXWSMLA1?pwd=ebzx#,/,/,
软件开发,Typora,typora 1.8.5,/,https://pan.xunlei.com/s/VOMV5EOtD1RENLZayyglka8aA1?pwd=4jep#,/,/,
软件开发,Typora,typora 1.7.6,/,https://pan.xunlei.com/s/VOMV5GNNraLAGDIYaRXNQJxbA1?pwd=jxcx#,/,/,
软件开发,Typora,typora 1.6.5,/,https://pan.xunlei.com/s/VOMV5JgbZq67cBJEp4l8yv_mA1?pwd=x7ct#,/,/,
软件开发,Typora,typora 1.5.6,/,https://pan.xunlei.com/s/VOMV5M2tIHsFiWoMiPcYBRpoA1?pwd=pkvw#,/,/,
AI人工智能,DeepSeek,OfficeAI,/,https://pan.xunlei.com/s/VOMQmUsHuL5kz_Qg5tnWO8bWA1?pwd=c5yb#,/,/,
AI人工智能,Stable Diffusion,Stable Diffusion 小白一键安装包,/,https://pan.xunlei.com/s/VOMQnMSvZq67cBJEp4l71_ZvA1?pwd=wtfc#,/,/,
AI人工智能,Stable Diffusion,Stable Diffusion 3,/,/,https://pan.quark.cn/s/2780f5e70fdc,/,
AI人工智能,Stable Diffusion,Stable Diffusion,/,/,https://pan.quark.cn/s/7e320345de39,/,
AI人工智能,Krita+ComfyUI,Krita+ComfyUI,/,https://pan.xunlei.com/s/VOMQntMbb2mtUhh9NZySq1NXA1?pwd=stu6#,/,/,
AI人工智能,Rope-Ruby,Rope-Ruby,/,https://pan.xunlei.com/s/VOMQnynyb1qOpZaeAed8d21RA1?pwd=tw5v#,/,/,
Topaz,Topaz Photo AI,Topaz photo AI v3.0.3【Mac版】,/,https://pan.xunlei.com/s/VOMW1_8O8k0xv8bqjfHalnjpA1?pwd=gsyw#,/,/,
Topaz,Topaz Photo AI,Topaz Photo AI 3.0.5,/,https://pan.xunlei.com/s/VOMW1dVnzBjvgtYSL7iYPfkCA1?pwd=jgpa#,/,/,
Topaz,Topaz Photo AI,Topaz Photo AI 3.0.4,/,https://pan.xunlei.com/s/VOMW1fjnCH68-ncxsAmI4_U_A1?pwd=xzwp#,/,/,
Topaz,Topaz Photo AI,Topaz Photo AI 3.0.1,/,https://pan.xunlei.com/s/VOMW1hoWCz1ockQZ1IV_-EVdA1?pwd=962e#,/,/,
Topaz,Topaz Photo AI,Topaz Photo AI 2.4.2,/,https://pan.xunlei.com/s/VOMW1kWi3liF3EjfgR465QhwA1?pwd=t9v2#,/,/,
Topaz,Topaz Adjust AI,Topaz Adjust AI 1.0.6,/,https://pan.xunlei.com/s/VOMW1z3LL_C3v43dqbgY-iAAA1?pwd=yj77#,/,/,
Topaz,Topaz DeNoise AI,Topaz DeNoise AI 3.7.2,/,https://pan.xunlei.com/s/VOMW2960_zRzlnouyqNILC8jA1?pwd=z49q#,/,/,
Topaz,Topaz Gigapixel AI,Topaz Gigapixel AI【mac版本】,/,https://pan.xunlei.com/s/VOMW2WFfEyxWY33Fivuj2hgSA1?pwd=p3h6#,/,/,
Topaz,Topaz Gigapixel AI,Topaz Gigapixel AI 7.2.1,/,https://pan.xunlei.com/s/VOMW2ZLavvzh6cqN28bA9vMNA1?pwd=xu2h#,/,/,
Topaz,Topaz Gigapixel AI,Topaz Gigapixel AI 7.1.2,/,https://pan.xunlei.com/s/VOMW2aXV3dkTvIDhp6R2jCaBA1?pwd=khkm#,/,/,
Topaz,Topaz Gigapixel AI,Topaz Gigapixel AI 7.1.0,/,https://pan.xunlei.com/s/VOMW2dcCEyxWY33Fivuj2lv1A1?pwd=fdys#,/,/,
Topaz,Topaz JPEG to RAW AI,Topaz JPEG to RAW AI 2.2.1,/,https://pan.xunlei.com/s/VOMW2r103liF3EjfgR465woJA1?pwd=spqy#,/,/,
Topaz,Topaz Mask AI,Topaz Mask AI 1.3.9,/,https://pan.xunlei.com/s/VOMW3-V2vvzh6cqN28bAABgeA1?pwd=eufc#,/,/,
Topaz,Topaz Sharpen AI,Topaz Sharpen AI 4.1.0,/,https://pan.xunlei.com/s/VOMW3CEYnI6tPxqY_xjEj_hMA1?pwd=ce2p#,/,/,
Topaz,Topaz Studio AI,Topaz Studio AI 2.3.2,/,https://pan.xunlei.com/s/VOMW3M_0Cz1ockQZ1IV_0541A1?pwd=ufrh#,/,/,
Topaz,Topaz Video AI,Topaz Video AI v5.1.4 【MAC版】,/,https://pan.xunlei.com/s/VOMW3kYwb2mtUhh9NZyVHGE2A1?pwd=p48c#,/,/,
Topaz,Topaz Video AI,Topaz Video AI v5.1.4,/,https://pan.xunlei.com/s/VOMW3ndIferOIACgfAZ3xovjA1?pwd=xakt#,/,/,
Topaz,Topaz Video AI,Topaz Video AI 4.0.6,/,https://pan.xunlei.com/s/VOMW3qhU-g6JSo2qUpTo_cEqA1?pwd=68ku#,/,/,
电路设计,Protel 99SE,Protel 99SE,/,https://pan.xunlei.com/s/VOUbmW8wTZcGjew392iKmtAAA1?pwd=nba7#,https://pan.quark.cn/s/1be9bdad6d5a,/,
电路设计,Multisim,multisim 14.3,/,https://pan.xunlei.com/s/VOMVEn5aCH68-ncxsAmHer0nA1?pwd=ajyi#,/,/,
电路设计,Multisim,multisim 14.2,/,/,https://pan.quark.cn/s/f7b61b1bd7dd,/,
电路设计,Multisim,multisim 14.0,/,https://pan.xunlei.com/s/VOMVEyHXb2mtUhh9NZyUqR2eA1?pwd=3zy2#,/,/,
电路设计,Multisim,multisim 13.0,/,https://pan.xunlei.com/s/VOMVF01FqvtvLjxKcOVJwra4A1?pwd=hgzk#,/,/,
电路设计,Multisim,multisim 12.0,/,https://pan.xunlei.com/s/VOMVF4NNb2mtUhh9NZyUqYbvA1?pwd=e788#,/,/,
电路设计,Ansys,ansys 2025,/,https://pan.xunlei.com/s/VOMVFqKi3liF3EjfgR45g9M9A1?pwd=9gme#,/,/,
电路设计,Ansys,ansys 2024,/,https://pan.xunlei.com/s/VOMVFsg2ebyf-1r24mOqZVrsA1?pwd=wfej#,/,/,
电路设计,Ansys,ansys 2023,/,https://pan.xunlei.com/s/VOMVFv37ZMOV8ibZaz9Rby8WA1?pwd=9uem#,/,/,
电路设计,Ansys,ansys 2022,/,https://pan.xunlei.com/s/VOMVFx2D-g6JSo2qUpTo8oJoA1?pwd=2rkw#,/,/,
电路设计,Ansys,ansys 2021,/,https://pan.xunlei.com/s/VOMVFz8vJkpurpEVYRtXxbygA1?pwd=3a8m#,/,/,
电路设计,Ansys,ansys 2020,/,https://pan.xunlei.com/s/VOMVG0itytJ14vC9ucAq--clA1?pwd=h34n#,/,/,
电路设计,Ansys,ansys 2019,/,https://pan.xunlei.com/s/VOMVG2kKJkpurpEVYRtXxdgMA1?pwd=ke63#,/,/,
电路设计,Ansys Zemax OpticStudio,Ansys Zemax OpticStudio 2024,/,https://pan.xunlei.com/s/VOMVGZ-cvvzh6cqN28b9jc6UA1?pwd=33cj#,/,/,
电路设计,Ansys Zemax OpticStudio,Ansys Zemax OpticStudio 2023,/,https://pan.xunlei.com/s/VOMVGaWOebyf-1r24mOqZq5uA1?pwd=433i#,/,/,
电路设计,Ansys Zemax OpticStudio,Ansys Zemax OpticStudio 2022,/,https://pan.xunlei.com/s/VOMVGcZGouybTDgdVy-lBLdWA1?pwd=xvrv#,/,/,
电路设计,Ansys Electronics,Ansys Electronics 2024,/,https://pan.xunlei.com/s/VOMVH6Eo1fkZ4_jrtgMEsP9LA1?pwd=na2s#,/,/,
电路设计,Ansys Electronics,Ansys Electronics 2023,/,https://pan.xunlei.com/s/VOMVH8TQraLAGDIYaRXNWRO_A1?pwd=r9sw#,/,/,
电路设计,Ansys Electronics,Ansys Electronics 2022,/,https://pan.xunlei.com/s/VOMVHAeyvvzh6cqN28b9k7RMA1?pwd=vbju#,/,/,
电路设计,Ansys Electronics,Ansys Electronics 2021,/,https://pan.xunlei.com/s/VOMVHCk5L_C3v43dqbgXb3VjA1?pwd=qp69#,/,/,
电路设计,Eplan,EPLAN Electric 2024,/,https://pan.xunlei.com/s/VOMVHiip_vC1xtLDN7rTft7YA1?pwd=axjv#,/,/,
电路设计,Eplan,EPLAN Electric 2023,/,https://pan.xunlei.com/s/VOMVHmZW3cd0sACX4x5hyhrJA1?pwd=zucr#,/,/,
电路设计,Eplan,EPLAN Electric 2022,/,https://pan.xunlei.com/s/VOMVHojLaW7m0c8zMZZmHAX8A1?pwd=m9as#,/,/,
电路设计,Eplan,EPLAN Electric2.9,/,https://pan.xunlei.com/s/VOMVHr15zBjvgtYSL7iY0Vl5A1?pwd=kba6#,/,/,
电路设计,Proteus,Proteus 9.1,/,https://pan.xunlei.com/s/VOu6GYcpLkeq_ZCodHUbVfd1A1?pwd=dpud#,/,/,
电路设计,Proteus,Proteus 8.17 SP4,/,https://pan.xunlei.com/s/VOMVIlPmTP5lDXF3nWw1q6H5A1?pwd=atb2#,/,/,
电路设计,Proteus,Proteus 8.17,/,https://pan.xunlei.com/s/VOMVIo1FytJ14vC9ucAq0QPRA1?pwd=g3xr#,/,/,
电路设计,Proteus,Proteus 8.15,/,https://pan.xunlei.com/s/VOMVIqXFytJ14vC9ucAq0RIIA1?pwd=qi52#,/,/,
电路设计,Proteus,Proteus 8.13,/,https://pan.xunlei.com/s/VOMVItBpferOIACgfAZ3YVaQA1?pwd=begv#,/,/,
电路设计,Proteus,Proteus 8.9,/,https://pan.xunlei.com/s/VOMVIviFTP5lDXF3nWw1qCXKA1?pwd=u844#,/,/,
电路设计,Proteus,Proteus 8.6,/,https://pan.xunlei.com/s/VOMVIz9V1fkZ4_jrtgMEtRdPA1?pwd=7e8z#,/,/,
电路设计,Proteus,Proteus 7.8,/,https://pan.xunlei.com/s/VOMVJ0shaW7m0c8zMZZmHj8_A1?pwd=3rjp#,/,/,
电路设计,Altium Designer,Altium Designer 25,/,https://pan.xunlei.com/s/VOMVJfS5D1RENLZayyglrIMIA1?pwd=48q7#,/,/,
电路设计,Altium Designer,Altium Designer 24,/,https://pan.xunlei.com/s/VOMVJhZWTP5lDXF3nWw1qYm7A1?pwd=8w7y#,/,/,
电路设计,Altium Designer,Altium Designer 23,/,https://pan.xunlei.com/s/VOMVJjRsZMOV8ibZaz9RdlB6A1?pwd=sjpv#,/,/,
电路设计,Altium Designer,Altium Designer 22,/,https://pan.xunlei.com/s/VOMVJlXNFeXTnAteQe3fXQGpA1?pwd=wgj7#,/,/,
电路设计,Altium Designer,Altium Designer 21,/,https://pan.xunlei.com/s/VOMVJndJouybTDgdVy-lCzwKA1?pwd=c24e#,/,/,
电路设计,Altium Designer,Altium Designer 20,/,https://pan.xunlei.com/s/VOMVJpr9D1RENLZayyglrOGMA1?pwd=xn62#,/,/,
电路设计,Altium Designer,Altium Designer 19,/,https://pan.xunlei.com/s/VOMVJtMPxmY1a6KPEe_XF8ZgA1?pwd=gy52#,/,/,
电路设计,TIA博途,TIA Portal V19,/,https://pan.xunlei.com/s/VOMVKPMDxmY1a6KPEe_XFQtjA1?pwd=nj8t#,/,/,
电路设计,TIA博途,TIA Portal V18,/,https://pan.xunlei.com/s/VOMVKRnkBoXFkDo8WpWPiD2lA1?pwd=a73s#,/,/,
电路设计,TIA博途,TIA Portal V17,/,https://pan.xunlei.com/s/VOMVKTkvEyxWY33FivuieiZHA1?pwd=4p28#,/,/,
电路设计,TIA博途,TIA Portal V16,/,https://pan.xunlei.com/s/VOMVKVzNzBjvgtYSL7iY1kTHA1?pwd=zjp2#,/,/,
电路设计,TIA博途,TIA Portal V15,/,https://pan.xunlei.com/s/VOMVKY1xZq67cBJEp4l95KYHA1?pwd=7zwg#,/,/,
电路设计,COMSOL,COMSOL 6.3,/,https://pan.xunlei.com/s/VOMVKw6mytJ14vC9ucAq1S2pA1?pwd=fh2a#,/,/,
电路设计,COMSOL,COMSOL 6.2,/,https://pan.xunlei.com/s/VOMVKyQxIHsFiWoMiPcYIznFA1?pwd=zbve#,/,/,
电路设计,COMSOL,COMSOL 6.0,/,https://pan.xunlei.com/s/VOMVL-CTzBjvgtYSL7iY1xhEA1?pwd=g72e#,/,/,
电路设计,Quartus,Quartus II 18,/,https://pan.xunlei.com/s/VOMVLMCpgEsLegm6oGnWAuJtA1?pwd=5xy4#,/,/,
电路设计,Proe,Proe 5.0M280,/,https://pan.xunlei.com/s/VOMVLpgdEyxWY33FivuifLmzA1?pwd=bxpr#,/,/,
电路设计,Proe,Proe 5,/,https://pan.xunlei.com/s/VOMVLs0NzBjvgtYSL7iY2NpOA1?pwd=7etg#,/,/,
电路设计,Dynaform,Dynaform 5.9.4,/,https://pan.xunlei.com/s/VOMVMCVgBoXFkDo8WpWPj5jrA1?pwd=c6w3#,/,/,
电路设计,数控模拟器,斯沃7.2,/,https://pan.xunlei.com/s/VOMVMxEcvvzh6cqN28b9n7flA1?pwd=2b63#,/,/,
电路设计,数控模拟器,西门子模拟器,/,https://pan.xunlei.com/s/VOMVMzpTaW7m0c8zMZZmJnU-A1?pwd=d8f2#,/,/,
电路设计,数控模拟器,新代五轴模拟器,/,https://pan.xunlei.com/s/VOMVN5bWytJ14vC9ucAq2Y6fA1?pwd=g6ac#,/,/,
电路设计,数控模拟器,新代车铣复合模拟器,/,https://pan.xunlei.com/s/VOMVNBA1_vC1xtLDN7rTikSlA1?pwd=z77q#,/,/,
电路设计,数控模拟器,海德汉530模拟器,/,https://pan.xunlei.com/s/VOMVNED9E8VSPddHJ7V3oxdhA1?pwd=x7vc#,/,/,
电路设计,HyperWorks,HyperWorks 2025,/,https://pan.xunlei.com/s/VOMVy4Cg3liF3EjfgR462uMUA1?pwd=zb9p#,/,/,
电路设计,STAR-CCM+,STAR-CCM+ 2502,/,https://pan.xunlei.com/s/VOMVy78oaW7m0c8zMZZmdEUPA1?pwd=fu2r#,/,/,
视频/音频处理,达芬奇,达芬奇 19【Mac】,/,https://pan.xunlei.com/s/VOMQhBhKEyxWY33FivugZ8GqA1?pwd=yhrs#,/,/,
视频/音频处理,达芬奇,达芬奇 18 【Mac】,/,https://pan.xunlei.com/s/VOMQhENmgEsLegm6oGnU3EY9A1?pwd=rvgt#,/,/,
视频/音频处理,达芬奇,达芬奇20正式版,/,https://pan.xunlei.com/s/VOV618twi7DAlEFeF1rVBzwAA1?pwd=ipmj#,/,/,
视频/音频处理,达芬奇,达芬奇20合集,/,https://pan.xunlei.com/s/VONo_eRdBwTQWX5N0q1_VYzeA1?pwd=zgex#,/,/,
视频/音频处理,达芬奇,达芬奇19.1.4,/,https://pan.xunlei.com/s/VOMQhTXMb1qOpZaeAed8_fIjA1?pwd=948c#,/,/,
视频/音频处理,达芬奇,达芬奇19.1.3 直装版,/,https://pan.xunlei.com/s/VOMQhXPL1fkZ4_jrtgMCoJ6AA1?pwd=6ns6#,/,/,
视频/音频处理,达芬奇,达芬奇19.1.2.3,/,https://pan.xunlei.com/s/VOMQhaev3cd0sACX4x5fsn3IA1?pwd=sjww#,/,/,
视频/音频处理,达芬奇,达芬奇 19,/,https://pan.xunlei.com/s/VOMQheFnL_C3v43dqbgVX5eKA1?pwd=t8fk#,/,/,
视频/音频处理,达芬奇,达芬奇 18.6.6,/,https://pan.xunlei.com/s/VOMQiDa8gEsLegm6oGnU3dpzA1?pwd=xk6v#,/,/,
视频/音频处理,达芬奇,达芬奇 18.6.3,/,https://pan.xunlei.com/s/VOMQiXNpuL5kz_Qg5tnWMTVFA1?pwd=yk59#,/,/,
视频/音频处理,达芬奇,达芬奇 18.5,/,https://pan.xunlei.com/s/VOMQiaD79auHI1cKyZHeaMuaA1?pwd=vtft#,/,/,
视频/音频处理,达芬奇,达芬奇 18,/,https://pan.xunlei.com/s/VOMQicZI6Fe_t_TfFnQeW8uHA1?pwd=7usn#,/,/,
视频/音频处理,达芬奇,达芬奇 17.4,/,https://pan.xunlei.com/s/VOMQifXRCz1ockQZ1IVXXcEkA1?pwd=yzvy#,/,/,
视频/音频处理,达芬奇,达芬奇 16.2,/,https://pan.xunlei.com/s/VOMQiqquE8VSPddHJ7V1hDrZA1?pwd=ffhn#,/,/,
视频/音频处理,达芬奇,达芬奇 15.3,/,https://pan.xunlei.com/s/VOMQitVM_zRzlnouyqNFs2-4A1?pwd=nqw8#,/,/,
视频/音频处理,达芬奇,达芬奇 14.3,/,https://pan.xunlei.com/s/VOMQivmuytJ14vC9ucAnvpaQA1?pwd=sj2x#,/,/,
视频/音频处理,剪映,剪映模板,/,/,https://pan.quark.cn/s/9cb4683195b5,/,
视频/音频处理,剪映,剪映国际版（Win版）,/,https://pan.xunlei.com/s/VOjaS5gwClgGm3BUzKAoYIbpA1?pwd=ws8s#,/,/,
视频/音频处理,剪映,剪映国际版（Mac版）,/,https://pan.xunlei.com/s/VOMQjkQRIHsFiWoMiPcWCqWmA1?pwd=jtye#,/,/,
视频/音频处理,剪映,剪映6.0.1会员永久激活免安装版,/,https://pan.xunlei.com/s/VOMQjmqZgEsLegm6oGnU4KgiA1?pwd=x7ka#,/,/,
视频/音频处理,剪映,剪映win版本合集,/,https://pan.xunlei.com/s/VOMQjpeq8k0xv8bqjfHZGnxtA1?pwd=b686#,/,/,
视频/音频处理,剪映,剪映手机版,/,/,https://pan.quark.cn/s/9c7fbeacd1b3,/,
视频/音频处理,ZBrush,ZBrush 2024【Mac】,/,https://pan.xunlei.com/s/VOMRAJz9DqCu5H-skFsqpqGsA1?pwd=ira4#,/,/,
视频/音频处理,ZBrush,ZBrush 2026,/,https://pan.xunlei.com/s/VOhmr0lVZfnKqR94FQnDkpqgA1?pwd=drmq#,/,/,
视频/音频处理,ZBrush,ZBrush 2025,/,https://pan.xunlei.com/s/VOMQkHELaW7m0c8zMZZkBNK7A1?pwd=gkqy#,/,/,
视频/音频处理,ZBrush,ZBrush 2024,/,https://pan.xunlei.com/s/VOMQkK0E9auHI1cKyZHeb5ulA1?pwd=bmq2#,/,/,
视频/音频处理,ZBrush,ZBrush 2023,/,https://pan.xunlei.com/s/VOMQkLxJ3dkTvIDhp6R0GNweA1?pwd=8z55#,/,/,
视频/音频处理,ZBrush,ZBrush 2022,/,https://pan.xunlei.com/s/VOMQkNt3_zRzlnouyqNFsec2A1?pwd=yra6#,/,/,
视频/音频处理,ZBrush,ZBrush 2021,/,https://pan.xunlei.com/s/VOMQkPcgb1qOpZaeAed8b1kOA1?pwd=9nka#,/,/,
视频/音频处理,ZBrush,ZBrush 2020,/,https://pan.xunlei.com/s/VOMQkRtYxmY1a6KPEe_V9ogHA1?pwd=g5vg#,/,/,
视频/音频处理,ZBrush,ZBrush 2019,/,https://pan.xunlei.com/s/VOMQkTzPTP5lDXF3nWw-lJxZA1?pwd=38w7#,/,/,
视频/音频处理,ZBrush,ZBrush 2018,/,https://pan.xunlei.com/s/VOMQkW6tD1RENLZayygjlfD4A1?pwd=j5un#,/,/,
视频/音频处理,ACDSee,ACDSee 2025,/,https://pan.xunlei.com/s/VOMXW6RbE8VSPddHJ7V4xsJDA1?pwd=jaa9#,/,/,
视频/音频处理,ACDSee,ACDSee 2024,/,https://pan.xunlei.com/s/VOMXWCCmebyf-1r24mOrpt3SA1?pwd=iish#,/,/,
视频/音频处理,ACDSee,ACDSee 2023,/,https://pan.xunlei.com/s/VOMXWFaMTP5lDXF3nWw30I6IA1?pwd=3qjb#,/,/,
视频/音频处理,ACDSee,ACDSee 2022,/,https://pan.xunlei.com/s/VOMXWInZrAC3WkmyL6eDTpMzA1?pwd=n674#,/,/,
视频/音频处理,ACDSee,ACDSee 2021,/,https://pan.xunlei.com/s/VOMXWM9p8k0xv8bqjfHb_H8iA1?pwd=a4z5#,/,/,
视频/音频处理,ACDSee,ACDSee 2020,/,https://pan.xunlei.com/s/VOMXWP5Fb2mtUhh9NZyW2L09A1?pwd=ijje#,/,/,
视频/音频处理,Cubase,Cubase 13,/,https://pan.xunlei.com/s/VOMXYTYWb1qOpZaeAedBt0e1A1?pwd=5vy6#,/,/,
视频/音频处理,Cubase,Cubase 12,/,https://pan.xunlei.com/s/VOMXYWYGytJ14vC9ucArDR43A1?pwd=iy7c#,/,/,
视频/音频处理,Cubase,Cubase 11,/,https://pan.xunlei.com/s/VOMXYZ0_JkpurpEVYRtZBB8kA1?pwd=tzbf#,/,/,
视频/音频处理,Cubase,Cubase 8,/,https://pan.xunlei.com/s/VOMXYaDN1fkZ4_jrtgMG5TAsA1?pwd=wgmr#,/,/,
视频/音频处理,相片大师PhotoDirector,相片大师PhotoDirector2026 v17.0,/,https://pan.xunlei.com/s/VOguu6BpKA6sLV4jlCstIGZcA1?pwd=pvda#,/,/,
视频/音频处理,相片大师PhotoDirector,相片大师PhotoDirector2025v16.4.1715.0,/,https://pan.xunlei.com/s/VORTh5fAQUKtXVzBBbclulqwA1?pwd=yxgx#,/,/,
视频/音频处理,相片大师PhotoDirector,相片大师PhotoDirector2025v16.3.1616.0,/,https://pan.xunlei.com/s/VORThFEOX_SrnaWVzMFALjbqA1?pwd=pu35#,/,/,
视频/音频处理,音乐工作站Studio One pro,Studio One Pro v7.1.1,/,https://pan.xunlei.com/s/VOUStYiPd8aW70HVfIbfijdfA1?pwd=8dxj#,/,/,
视频/音频处理,AI图像增强Skylum Aperty,Skylum Aperty v1.4.0.1260,/,https://pan.xunlei.com/s/VOXhJ6AIMT6Ncj6jZhMyS3p9A1?pwd=sjdd#,/,/,
视频/音频处理,Radiant PhotoAI修图,Radiant Photo v2.1.1.790,/,https://pan.xunlei.com/s/VOc8qOkDVDhm5EtPE4oTL-Y2A1?pwd=84np#,/,/,
视频/音频处理,必剪,必剪Bcut最新版v3.11.18,/,https://pan.xunlei.com/s/VOhkDbygnRgZjoaaSEcHFLCoA1?pwd=zes4#,https://pan.quark.cn/s/9a562eda517a,/,
视频/音频处理,威力导演(专业剪辑软件),威力导演2026,/,https://pan.xunlei.com/s/VOkdRhtWpz07iIXKXGMYxTbPA1?pwd=qfxw#,/,/,
电脑系统,VMware,VMware 26H1,/,https://pan.xunlei.com/s/VOt-EIBU863kFe__5xsG6G_WA1?pwd=e9rg#,/,/,
电脑系统,VMware,VMware Pro 25H2,/,https://pan.xunlei.com/s/VOgteEvdbB2I3mAnLNgSspF5A1?pwd=6u46#,/,/,
电脑系统,VMware,VMware 17.6.4,/,https://pan.xunlei.com/s/VOVOFPSCF7ZaTWgKqMWnEQSuA1?pwd=eqfs#,/,/,
电脑系统,VMware,VMware 17.6.3,/,https://pan.xunlei.com/s/VOMNAB1KLnQQ-maMD1tcmVN6A1?pwd=iksx#,/,/,
电脑系统,VMware,VMware 17.6,/,https://pan.xunlei.com/s/VOMNAEVd4WyxhBUH85MjpLWSA1?pwd=np4f#,/,/,
电脑系统,VMware,VMware 17.5,/,https://pan.xunlei.com/s/VOMNAbQImMNmVE8IuMlJL6rFA1?pwd=wip5#,/,/,
电脑系统,VMware,VMware 17,/,https://pan.xunlei.com/s/VOMNAf1jmMNmVE8IuMlJL9rTA1?pwd=f34w#,/,/,
电脑系统,VMware,VMware 16,/,https://pan.xunlei.com/s/VOMNAhsgbutM3xhvguuNq2iOA1?pwd=zgz3#,/,/,
电脑系统,VMware,VMware 15,/,https://pan.xunlei.com/s/VOMNAkW_GfSS3Ewj2BLJnHsFA1?pwd=jvv7#,/,/,
电脑系统,Xmanager、Xshell、Xftp、Xlpd,Xmanager 8,/,https://pan.xunlei.com/s/VOMNBDsfP_Wwr979ImckGBxSA1?pwd=63k6#,/,/,
电脑系统,Xmanager、Xshell、Xftp、Xlpd,Xshell 8,/,https://pan.xunlei.com/s/VOMNBHuyc5M5NOpPKHWkmwx2A1?pwd=kydy#,/,/,
电脑系统,Xmanager、Xshell、Xftp、Xlpd,Xftp 8,/,https://pan.xunlei.com/s/VOMNBNZmLnQQ-maMD1tcnL97A1?pwd=y84q#,/,/,
电脑系统,Xmanager、Xshell、Xftp、Xlpd,Xlpd 8,/,https://pan.xunlei.com/s/VOMNBQXiCtWuA0AY2Y7YnAiAA1?pwd=c73r#,/,/,
电脑系统,Win7系统,直接装 Windows 7,/,https://pan.xunlei.com/s/VOMNGdvJBzZfHjXf2m72TlyXA1?pwd=2ike#,/,/,
电脑系统,Win7系统,U盘安装 Windows 7,/,https://pan.xunlei.com/s/VOMNGh0wGfSS3Ewj2BLJrhYKA1?pwd=tcj5#,/,/,
电脑系统,Win7系统,虚拟机装 Windows 7,/,https://pan.xunlei.com/s/VOMNGlUpRPNfO4kiG8qPDYCXA1?pwd=eiu2#,/,/,
电脑系统,Win10系统,直接装 Windows 10,/,https://pan.xunlei.com/s/VOMNGqGPokwKalv9Kwgdrt9CA1?pwd=snnt#,/,/,
电脑系统,Win10系统,U盘安装 Windows 10,/,https://pan.xunlei.com/s/VOMNGscM2kdf58-ry6gMILwtA1?pwd=u6hx#,/,/,
电脑系统,Win10系统,虚拟机装 Windows 10,/,https://pan.xunlei.com/s/VOMNGvz0WiKwh1P2X50BJ2h1A1?pwd=dcvr#,/,/,
电脑系统,Win11系统,直接装 Windows 11,/,https://pan.xunlei.com/s/VOMNH-c7y5X01OdWp4kk9jVUA1?pwd=pt6h#,/,/,
电脑系统,Win11系统,U盘安装 Windows 11,/,https://pan.xunlei.com/s/VOMNH2-MgsHi-aGy0KHqJWZ-A1?pwd=njir#,/,/,
电脑系统,Win11系统,虚拟机装 Windows 11,/,https://pan.xunlei.com/s/VOMNH5N3GqkJZ56yXVoMYxKDA1?pwd=xedi#,/,/,
电脑系统,linux系统,Ubuntu 24.04.2 LTS,/,https://pan.xunlei.com/s/VOMNFi4F0PkIAKfqcKrJBeKrA1?pwd=m6tj#,/,/,
电脑系统,linux系统,CentOS 7 64位,/,https://pan.xunlei.com/s/VOMNFJzGhi_fqMGFaihOufOyA1?pwd=yz4m#,/,/,
电脑系统,驱动工具,EasyDrv 8（VIP版）,/,https://pan.xunlei.com/s/VOMNHrza4WyxhBUH85MjuzkjA1?pwd=7fzi#,/,/,
电脑系统,驱动工具,Ashampoo Driver Updater Windows驱动一键全能,/,https://pan.xunlei.com/s/VOnmfW3vd9o03z2b-M09pUG3A1?pwd=efix#,/,/,
电脑系统,驱动工具,360驱动大师网卡版,/,https://pan.xunlei.com/s/VOnmgU9__9IH6F5EqEUSB7ARA1?pwd=vrhb#,/,/,
电脑系统,实用工具+软件卸载工具,QuickLook + Seer,/,https://pan.xunlei.com/s/VOMNI9So4WyxhBUH85MjvFdMA1?pwd=kes4#,/,/,
电脑系统,实用工具+软件卸载工具,流氓软件卸载工具geek,/,/,https://pan.quark.cn/s/4d3e03c0241e,/,
电脑系统,实用工具+软件卸载工具,卸载工具Revo Uninstaller,/,https://pan.xunlei.com/s/VOMNImzrLnQQ-maMD1tctAiMA1?pwd=2hxs#,/,/,
电脑系统,实用工具+软件卸载工具,卸载工具HiBit Uninstaller,/,https://pan.xunlei.com/s/VOMPUBS2ul-iSo0VAJUEm4f9A1?pwd=fwue#,/,/,
电脑系统,实用工具+软件卸载工具,软件卸载工具Uninstall Tool,/,/,https://pan.quark.cn/s/cd04163cfd1c,/,
电脑系统,虚拟光驱,虚拟光驱,/,https://pan.xunlei.com/s/VOMNJPRmhi_fqMGFaihOy6ZeA1?pwd=e7nb#,/,/,
电脑系统,Mac系统虚拟机,Parallels Desktop 20,/,https://pan.xunlei.com/s/VOMNAkW_GfSS3Ewj2BLJnHsFA1?pwd=jvv7#,/,/,
电脑系统,DLL全能修复工具,4DDiG DLL Fixer全能修复最新版,/,/,https://pan.quark.cn/s/74ca830eaf75,/,
电脑系统,DLL全能修复工具,DLL修复工具,/,https://pan.xunlei.com/s/VOMQYdH2WiKwh1P2X50CZnwyA1?pwd=ufa8#,/,/,
电脑系统,directX修复工具,directx修复工具,/,/,https://pan.quark.cn/s/78337a40198f,/,
电脑系统,硬盘管理分区恢复工具,DiskGenius专业版合集,/,https://pan.xunlei.com/s/VOTyuHUa2RcQrrgFstwGoMokA1?pwd=gvab#,https://pan.quark.cn/s/178d36ad12f1,/,
电脑系统,系统以及磁盘清理工具,Wise Disk Cleaner智能磁盘清理工具,/,https://pan.xunlei.com/s/VOisalknfX3VfcNEi64q25v6A1?pwd=vqdz#,https://pan.quark.cn/s/86d15df8b6ed,/,
系统维护,万兴数据恢复,Wondershare Recoverit合集持续更新,/,https://pan.xunlei.com/s/VOqAiF1YX61iIwJAVZmvRSLoA1?pwd=nev5#,https://pan.quark.cn/s/a41cff893d39,/,
系统维护,DiskGenius硬盘管理分区恢复工具,DiskGenius专业版,/,https://pan.xunlei.com/s/VOqAiUEZi_OYqD7257494uwEA1?pwd=3fmx#,https://pan.quark.cn/s/b9e941974d4b,/,
系统维护,DLL全能修复工具,4DDiG DLL Fixer持续更新,/,https://pan.xunlei.com/s/VOqAO0yXX61iIwJAVZmvC74-A1?pwd=duma#,/,/,
系统维护,directX和Dll修复工具大全,directx和DLL修复工具合集,/,https://pan.xunlei.com/s/VOqAO653kcKUKQXM2nboWdpeA1?pwd=bfx9#,https://pan.quark.cn/s/0e824244e29f,/,
系统维护,卸载工具Revo_Uninstaller_Pro,Revo_Uninstaller_Pro,/,https://pan.xunlei.com/s/VOqAZg2aaLSYXKBeybVQyOZMA1?pwd=izm2#,https://pan.quark.cn/s/3a3657be965e,/,
系统维护,强力卸载工具,流氓软件卸载工具geek,/,https://pan.xunlei.com/s/VOqAN5t0k6FUdR-t1R-1bclMA1?pwd=nzxz#,https://pan.quark.cn/s/a9b881dee147,/,
系统维护,强力卸载工具,卸载工具Revo Uninstaller,/,https://pan.xunlei.com/s/VOqANIQhQnaoEzqaJV2np8fgA1?pwd=k5m9#,https://pan.quark.cn/s/eb95c86d5fa8,/,
系统维护,强力卸载工具,HiBit Uninstaller 便携版,/,https://pan.xunlei.com/s/VOqANP6RlBvWykENPOQJZiYiA1?pwd=bskb#,https://pan.quark.cn/s/172a906a3b17,/,
系统维护,强力卸载工具,软件卸载工具Uninstall Tool,/,https://pan.xunlei.com/s/VOqANlS5DGjBUJnalRwd3-eiA1?pwd=9tq7#,https://pan.quark.cn/s/0830d76f8188,/,
系统维护,万能工具箱,万能工具箱,/,/,/,/,
系统维护,桌面管理工具,Nexus,/,https://pan.xunlei.com/s/VOqAj0tgSahhd8hf0UU98N6JA1?pwd=5w6y#,/,/,
系统维护,TV智能电视投影仪专用,智能电视投影,/,/,https://pan.quark.cn/s/d717fde96cf0,/,
系统维护,驱动总裁,驱动总裁-2.20.0.3免扫码登录-色单文件版,/,https://pan.xunlei.com/s/VOtRw6bOZJoJwE1Bx1a6luslA1?pwd=vn4n#,https://pan.quark.cn/s/0311e7f4c483,/,
系统维护,NIUBI Partition Editor,NIUBI Partition Editor磁盘管理软件,/,https://pan.xunlei.com/s/VOteKgHGyYacLvm98gDaMiJzA1?pwd=ajqs#,https://pan.quark.cn/s/2fca503087cb,/,
系统维护,系统优化optimizerDuck,系统优化工具optimizerDuck,/,https://pan.xunlei.com/s/VOu5CfxVAKyZ22fgxPKDHSzSA1?pwd=juwp#,https://pan.quark.cn/s/dca10d6eda7a,/,
学科工具,Mathematica,Mathematica 14,/,https://pan.xunlei.com/s/VOMW4WVTrAC3WkmyL6eCgFgbA1?pwd=a9uc#,/,/,
学科工具,Mathematica,Mathematica 13,/,https://pan.xunlei.com/s/VOMW4YdZCH68-ncxsAmI616wA1?pwd=x8g4#,/,/,
学科工具,Mathematica,Mathematica 12,/,https://pan.xunlei.com/s/VOMW4_TZ1fkZ4_jrtgMFIWf5A1?pwd=xg64#,/,/,
学科工具,Tableau,Tableau 2023,/,https://pan.xunlei.com/s/VOMW4pVhferOIACgfAZ3yGs-A1?pwd=yjc2#,/,/,
学科工具,Tableau,Tableau 2021,/,https://pan.xunlei.com/s/VOMW4rkICH68-ncxsAmI6BMqA1?pwd=cncc#,/,/,
学科工具,Lingo,Lingo 18,/,https://pan.xunlei.com/s/VOMW57zBouybTDgdVy-lcC7oA1?pwd=7m4b#,/,/,
学科工具,Lingo,Lingo 17,/,https://pan.xunlei.com/s/VOMW59zdEyxWY33Fivuj4AhLA1?pwd=hx67#,/,/,
学科工具,Lingo,Lingo 12,/,https://pan.xunlei.com/s/VOMW5Buo68c57M67JrAg9v36A1?pwd=v2hz#,/,/,
学科工具,Lingo,Lingo 11,/,https://pan.xunlei.com/s/VOMW5Dy5_zRzlnouyqNIMgnlA1?pwd=scxf#,/,/,
学科工具,ChemDraw,ChemDraw 23.1中文版,/,https://pan.xunlei.com/s/VOSh3BFqHHdR8T_YwBzWH8ZUA1?pwd=5wqr#,/,/,
学科工具,ChemDraw,ChemDraw 23专业版,/,https://pan.xunlei.com/s/VOSh3OCe69aHQQdfRbUhN-DXA1?pwd=dvnj#,/,/,
学科工具,GeoDa,GeoDa 1.22,/,https://pan.xunlei.com/s/VOMPWGpb_lWoVC33WZq9np6tA1?pwd=runt#,/,/,
学科工具,GeoDa,GeoDa 1.20,/,https://pan.xunlei.com/s/VOMPWJ-s2kdf58-ry6gN7HodA1?pwd=2its#,/,/,
学科工具,GeoDa,GeoDa 1.18,/,https://pan.xunlei.com/s/VOMPWL5lbutM3xhvguuOlEiXA1?pwd=37b2#,/,/,
学科工具,GeoDa,GeoDa 1.14,/,https://pan.xunlei.com/s/VOMPWN19C6tQm2WokN7WOd6MA1?pwd=93cq#,/,/,
学科工具,Global Mapper,Global Mapper 25,/,https://pan.xunlei.com/s/VOMXbx_-ferOIACgfAZ4nyMjA1?pwd=pgf6#,/,/,
学科工具,Global Mapper,Global Mapper 24,/,https://pan.xunlei.com/s/VOMXc-Tv_zRzlnouyqNJCjQUA1?pwd=n3hj#,/,/,
学科工具,Global Mapper,Global Mapper 23,/,https://pan.xunlei.com/s/VOMXc1_5b2mtUhh9NZyW74yGA1?pwd=4uik#,/,/,
学科工具,Global Mapper,Global Mapper 22,/,https://pan.xunlei.com/s/VOMXc3_d68c57M67JrAh-PJEA1?pwd=j248#,/,/,
学科工具,ArcGIS,ArcGIS 2023,/,https://pan.xunlei.com/s/VOMXcgULytJ14vC9ucArHGCsA1?pwd=4pxs#,/,/,
学科工具,ArcGIS,ArcGIS 10.8.2,/,https://pan.xunlei.com/s/VOMXck5B3cd0sACX4x5jFoMNA1?pwd=8avd#,/,/,
学科工具,ArcGIS,ArcGIS 10.8,/,https://pan.xunlei.com/s/VOMXcnN53cd0sACX4x5jFqd-A1?pwd=5tgz#,/,/,
学科工具,ArcGIS Pro,ArcGIS Pro 3.4,/,https://pan.xunlei.com/s/VOMXd3ydJkpurpEVYRtZFG1eA1?pwd=j8na#,/,/,
学科工具,ArcGIS Pro,ArcGIS Pro 3.3,/,https://pan.xunlei.com/s/VOMXd6ODZq67cBJEp4lANXsCA1?pwd=y6e3#,/,/,
学科工具,文献工具,Zotero 7.0,/,https://pan.xunlei.com/s/VOMQabj72kdf58-ry6gNadwRA1?pwd=djee#,/,/,
学科工具,文献工具,NoteExpress 4.0,/,https://pan.xunlei.com/s/VOMQaeWAvxLW6nX3vd1EMn18A1?pwd=tm78#,/,/,
学科工具,文献工具,CiteSpace 6.3.1,/,https://pan.xunlei.com/s/VOMQaghsRQrM2vRsHj1626t5A1?pwd=qjz9#,/,/,
学科工具,文献工具,知云文献翻译,/,https://pan.xunlei.com/s/VOMQaicNC6tQm2WokN7WsHKUA1?pwd=euaz#,/,/,
学科工具,文献工具,CopyTranslator 11.0,/,https://pan.xunlei.com/s/VOMQakk5bRau83y3_JQfcZM6A1?pwd=ztci#,/,/,
学科工具,文献工具,文献工具合集,/,https://pan.xunlei.com/s/VOxTXjilqSIXye7Rf8w7KjBDA1?pwd=8qut#,/,/,
渲染器,V-Ray 3ds Max,V-Ray 7.2 for 3dsMax2021-2026,https://pan.baidu.com/s/1A9V_YN0Uc67ZFYqkKht82A?pwd=8888,/,/,/,安装教程（需要复刻，不要链接）：https://www.ruancang.net/817.html
渲染器,V-Ray 3ds Max,V-Ray 6.2 for 3ds Max2019- 2024,https://pan.baidu.com/s/1uT09DpRhROGzqKH9FpE3FA?pwd=8888,/,https://pan.quark.cn/s/9297fc4216b6,/,安装教程（需要复刻，不要链接）：https://www.ruancang.net/218.html
渲染器,V-Ray 3ds Max,V-Ray 6.1 for 3ds Max2019- 2024,https://pan.baidu.com/s/15Wh_dcvZybmczbUYvmaxLA?pwd=8888,/,https://pan.quark.cn/s/f098eb5afbb7,/,安装教程（需要复刻，不要链接）：https://www.ruancang.net/219.html
渲染器,V-Ray 3ds Max,V-Ray 6.0 for 3ds Max2019- 2024,https://pan.baidu.com/s/1rxOsICYRjqiD0OyDDmLOOw?pwd=8888,/,https://pan.quark.cn/s/8d8dea3dcc2b,/,安装教程（需要复刻，不要链接）：https://www.ruancang.net/220.html
渲染器,V-Ray 3ds Max,V-Ray 5.2 for 3ds Max2019- 2022,https://pan.baidu.com/s/1m-Yp5f5Beds5ZGXC-x7rRA?pwd=8888,/,https://pan.quark.cn/s/2278dd1ee28d,/,安装教程（需要复刻，不要链接）：https://www.ruancang.net/222.html
渲染器,V-Ray 3ds Max,V-Ray 5.1 for 3ds Max2019- 2022,https://pan.baidu.com/s/1TEy1w2am_qEb-ns-KLcBmQ?pwd=8888,/,https://pan.quark.cn/s/1a3474ff6744,/,安装教程（需要复刻，不要链接）：https://www.ruancang.net/223.html
渲染器,V-Ray 3ds Max,V-Ray 5.05 for 3dsMax2018- 2021,https://pan.baidu.com/s/1qqakc5JEMxhFm-kKzQtMsQ?pwd=8888,/,/,/,安装教程（需要复刻，不要链接）：https://www.ruancang.net/221.html
渲染器,V-Ray 3ds Max,V-Ray 4.3 for 3ds Max 2020,https://pan.baidu.com/s/1WXR_grdRJjJGrDlQbOoJpg?pwd=8888,/,https://pan.quark.cn/s/d8a415cf8897,/,安装教程（需要复刻，不要链接）：https://www.ruancang.net/224.html
渲染器,V-Ray 3ds Max,V-Ray 4.1 for 3ds Max2013-2019,https://pan.baidu.com/s/1cSRofOsLlCRseJBwurpOmA?pwd=8888,/,https://pan.quark.cn/s/048b745dbd2b,/,安装教程（需要复刻，不要链接）：https://www.ruancang.net/225.html
渲染器,V-Ray SketchUp,V-Ray 7.2 for SketchUp2021-2026,https://pan.baidu.com/s/1PuvosbLoOMBWbrt_-KyJ0w?pwd=8888,/,/,/,安装教程（需要复刻，不要链接）：https://www.ruancang.net/819.html
渲染器,V-Ray SketchUp,V-Ray 6.1 for SketchUp2019-2023,https://pan.baidu.com/s/1qqN3uNU1WWGkTlTmOnWHsA?pwd=8888,/,https://pan.quark.cn/s/92df9e92dea4,/,安装教程（需要复刻，不要链接）：https://www.ruancang.net/233.html
渲染器,V-Ray SketchUp,V-Ray 6.0 for SketchUp2019-2022,https://pan.baidu.com/s/1BRtu8-wloH9Lh7MBJ0uJBw?pwd=8888,/,https://pan.quark.cn/s/7ac33856f2e8,/,安装教程（需要复刻，不要链接）：https://www.ruancang.net/234.html
渲染器,V-Ray SketchUp,V-Ray 5.2 for SketchUp2019-2022,https://pan.baidu.com/s/1px2QlzjYudDctQ9s3OwKnQ?pwd=8888,/,https://pan.quark.cn/s/82df45b59784,/,安装教程（需要复刻，不要链接）：https://www.ruancang.net/235.html
渲染器,V-Ray SketchUp,V-Ray 5.1 for SketchUp2017-2021,https://pan.baidu.com/s/1nn2zAkleTs94WI7TQ2iixw?pwd=8888,/,https://pan.quark.cn/s/fd3000595e4d,/,安装教程（需要复刻，不要链接）：https://www.ruancang.net/236.html
渲染器,V-Ray SketchUp,V-Ray 4.2 for SketchUp2016-2020,https://pan.baidu.com/s/1zQofqpbMLIoNV1xm0RuIFg?pwd=8888,/,https://pan.quark.cn/s/0f3f8fe718fe,/,安装教程（需要复刻，不要链接）：https://www.ruancang.net/237.html
渲染器,V-Ray SketchUp,V-Ray 4.1 for SketchUp2016-2019,https://pan.baidu.com/s/1b8Vyi9hD-90Zc1RgWuViiw?pwd=8888,/,https://pan.quark.cn/s/3ee39054d951,/,安装教程（需要复刻，不要链接）：https://www.ruancang.net/238.html
渲染器,V-Ray Rhino,V-Ray 7.2 for Rhino7-9,https://pan.baidu.com/s/12hExrPBcC5g0S7g--vRN6g?pwd=8888,/,/,/,安装教程（需要复刻，不要链接）：https://www.ruancang.net/818.html
渲染器,V-Ray Rhino,V-Ray 6.0 for Rhino6-8,https://pan.baidu.com/s/16r7qPNeqbsyBzqO3OhBWKg?pwd=8888,/,https://pan.quark.cn/s/c186e71605e0,/,安装教程（需要复刻，不要链接）：https://www.ruancang.net/227.html
渲染器,V-Ray Rhino,V-Ray 5.2 for Rhino6-8,https://pan.baidu.com/s/1ZZQnJEs3-ZIU7srPmyahpg?pwd=8888,/,https://pan.quark.cn/s/b768d1c30118,/,安装教程（需要复刻，不要链接）：https://www.ruancang.net/228.html
渲染器,V-Ray Rhino,V-Ray 5.1 for Rhino6-7,https://pan.baidu.com/s/1MxQjKS94VXhTPaRYRVWm7A?pwd=8888,/,https://pan.quark.cn/s/cfd55addfc54,/,安装教程（需要复刻，不要链接）：https://www.ruancang.net/229.html
渲染器,V-Ray Rhino,V-Ray 4.2 for Rhino5-7,https://pan.baidu.com/s/1OyTpr89hdzGFlnEdio0JLQ?pwd=8888,/,https://pan.quark.cn/s/bd871a51ed75,/,安装教程（需要复刻，不要链接）：https://www.ruancang.net/230.html
渲染器,V-Ray Rhino,V-Ray 4.1 for Rhino5-6,https://pan.baidu.com/s/1vvzGBTtiEPl8rztcq0pcHg?pwd=8888,/,https://pan.quark.cn/s/67c642dd23e0,/,安装教程（需要复刻，不要链接）：https://www.ruancang.net/231.html
渲染器,V-Ray C4D,C4D|Vray6,/,https://pan.xunlei.com/s/VOMR2GJTL_C3v43dqbgVf_G9A1?pwd=292r#,/,/,
渲染器,V-Ray C4D,C4D|Vray 6.0,/,/,https://pan.quark.cn/s/8b7a0a84fd71,/,
渲染器,V-Ray C4D,C4D|Vray 5.2,/,/,https://pan.quark.cn/s/3362b425cdfa,/,
渲染器,V-Ray C4D,C4D|Vray 5.0,/,/,https://pan.quark.cn/s/34fa0d83f406,/,
渲染器,V-Ray Revit,Revit|VRay5.1|2018-2022,/,/,https://pan.quark.cn/s/90ce1ed9a7de,/,
渲染器,V-Ray Revit,Revit|VRay4.0 for Revit2015-2020,/,https://pan.xunlei.com/s/VOMR3J_YferOIACgfAZ1br78A1?pwd=mibm#,/,/,
渲染器,V-Ray MAYA,maya|VRay6.2 |2020-2024,/,/,https://pan.quark.cn/s/a1e7c9d6effc,/,
渲染器,V-Ray MAYA,maya|VRay6.0 |2019-2023,/,https://pan.xunlei.com/s/VOMR3pARzBjvgtYSL7iW5qAvA1?pwd=q2ex#,/,/,
渲染器,V-Ray MAYA,maya|VRay4.1 |2015-2020,/,https://pan.xunlei.com/s/VOMR3u8dCH68-ncxsAmFmOc1A1?pwd=bhmv#,/,/,
渲染器,V-Ray MAYA,maya|VRay4.0 |2016-2018,/,/,https://pan.quark.cn/s/938a4f700529,/,
渲染器,Corona renderer for C4D,C4D|Corona 11,/,/,https://pan.quark.cn/s/0fc3553bf70e,/,
渲染器,Corona renderer for C4D,C4D|Corona 10,/,https://pan.xunlei.com/s/VOMR8S5t_vC1xtLDN7rRm8VJA1?pwd=ntjd#,/,/,
渲染器,Corona renderer for C4D,C4D|Corona 9,/,/,https://pan.quark.cn/s/b811b7ee6ea5,/,
渲染器,Corona renderer for C4D,C4D|Corona 8,/,/,https://pan.quark.cn/s/4eca9889ef66,/,
渲染器,Corona renderer for 3dmax,3dmax|Corona 11,/,/,https://pan.quark.cn/s/5aa59fd0d7f9,/,
渲染器,Corona renderer for 3dmax,3dmax|Corona 10,/,https://pan.xunlei.com/s/VOMR8n_HCz1ockQZ1IVXiZDCA1?pwd=uf3r#,/,/,
渲染器,Corona renderer for 3dmax,3dmax|Corona 9,/,/,https://pan.quark.cn/s/7f1d455c9154,/,
渲染器,Corona renderer for 3dmax,3dmax|Corona 8,/,/,https://pan.quark.cn/s/323109977a83,/,
渲染器,Keyshot,KeyShot 2026,/,https://pan.xunlei.com/s/VOu6H8jvme6GK54t4iO9tubmA1?pwd=t5jn#,/,/,
渲染器,Keyshot,KeyShot 2025,/,https://pan.xunlei.com/s/VOMXMu7fb1qOpZaeAedBkSj-A1?pwd=xq4w#,/,/,
渲染器,Keyshot,Keyshot 2024V13.0.0.92,/,/,https://pan.quark.cn/s/1e271bff9193,/,
渲染器,Keyshot,Keyshot 2023v12.2.1.2,/,/,https://pan.quark.cn/s/eb5ead0a6e68,/,
渲染器,Keyshot,Keyshot 9.0,/,https://pan.xunlei.com/s/VOMR9J87E8VSPddHJ7V1smOGA1?pwd=tzsr#,/,/,
渲染器,Keyshot,Keyshot 8.0,/,https://pan.xunlei.com/s/VOMR9LTO1fkZ4_jrtgMD07hGA1?pwd=5cfm#,/,/,
渲染器,Keyshot,Keyshot 7.0,/,https://pan.xunlei.com/s/VOMR9NbjTP5lDXF3nWw-wkEBA1?pwd=erky#,/,/,
渲染器,Enscape,Enscape 4.4,/,https://pan.xunlei.com/s/VOMXQyxTJkpurpEVYRtZ5sE1A1?pwd=ttha#,/,/,
渲染器,Enscape,Enscape 4.2,/,https://pan.xunlei.com/s/VOMXR0V-TP5lDXF3nWw2xjXGA1?pwd=ctkx#,/,/,
渲染器,Enscape,Enscape 4.1,/,https://pan.xunlei.com/s/VOMXR2UnouybTDgdVy-mJvUAA1?pwd=2dxw#,/,/,
渲染器,Enscape,Enscape 3.56,/,https://pan.xunlei.com/s/VOMXR4hDferOIACgfAZ4fkNVA1?pwd=dfnu#,/,/,
渲染器,Enscape,Enscape 3.4,/,https://pan.xunlei.com/s/VOMXR6f6XLR2eqICrC-aenL3A1?pwd=fseb#,/,/,
渲染器,Enscape,Enscape 3.3,/,https://pan.xunlei.com/s/VOMXR8t6FL94auMfemswr9BiA1?pwd=5bw8#,/,/,
渲染器,Enscape,Enscape 3.0,/,https://pan.xunlei.com/s/VOMXRAlk8k0xv8bqjfHbWSFaA1?pwd=x26x#,/,/,
媒体处理,格式转换,XRecode音频转换,/,https://pan.xunlei.com/s/VOqAjQ-0YZ8FbkMQn0RMTXkSA1?pwd=kpbq#,/,/,
媒体处理,格式转换,格式工厂FormatFactory,/,https://pan.xunlei.com/s/VOqAjUf1k6FUdR-t1R-1ru8NA1?pwd=26ef#,/,/,
媒体处理,格式转换,视频压缩ShanaEncoder,/,https://pan.xunlei.com/s/VOqAjWhCbXOn5GkIDJPiZkBfA1?pwd=ek9p#,/,/,
媒体处理,格式转换,视频转换Aiseesoft Video Converter,/,https://pan.xunlei.com/s/VOqAjbarZjAruJ1M_wYHl83nA1?pwd=3gnc#,https://pan.quark.cn/s/923443c29893,/,
媒体处理,录屏软件,录屏软件合集,/,https://pan.xunlei.com/s/VOqARKmtDGjBUJnalRwd5KVIA1?pwd=hgv2#,https://pan.quark.cn/s/0d61d039b08d,/,
媒体处理,AI配音工具,微软语音合成助手,/,/,https://pan.quark.cn/s/f38d3fc08014,/,
媒体处理,AI配音工具,一点红AI配音工具,/,/,https://pan.quark.cn/s/7d03917ec12c,/,
媒体处理,Waifu2x-Extension-GUI,Waifu2x-Extension-GUI多媒体处理工具,/,https://pan.xunlei.com/s/VOtqpcy8bHCZ63lorTbjm05dA1?pwd=989t#,https://pan.quark.cn/s/1e731f70407c,/,
下载加速,网盘加速神器,全盘加速 OpenSpeedy,/,https://pan.xunlei.com/s/VOqAcbUQHWCBSk30tdVsSrYAA1?pwd=3dek#,/,/,
下载加速,网盘加速神器,百度高速下载,/,https://pan.xunlei.com/s/VOTKj7x-3wJ5C0J0KJ81aBsKA1?pwd=zmpc#,/,/,
下载加速,网盘加速神器,迅雷2025纯净版,/,https://pan.xunlei.com/s/VOg1Zjb3W_Y_NLiMX7d1jxs_A1?pwd=a6w7#,https://pan.quark.cn/s/df3300d8c4ce,/,
下载加速,IDM下载神器,IDM最新版持续更新,/,https://pan.xunlei.com/s/VORETCiSNRz93aawaXIIXEJUA1?pwd=hnza#,/,/,
下载加速,IDM下载神器,IDM_v6.42.40,/,https://pan.xunlei.com/s/VO_PJb-2K_IHZrMAjdpLu_98A1?pwd=ypwa#,/,/,
下载加速,IDM下载神器,IDM_v6.42,/,https://pan.xunlei.com/s/VORETH4uQI0IcqsGxmr_tKCLA1?pwd=sdcr#,/,/,
下载加速,IDM下载神器,IDM 安装包和激活工具,/,https://pan.xunlei.com/s/VORETL3VucaB1m9lvj9gMnAvA1?pwd=bc22#,/,/,
下载加速,IDM下载神器,IDM最新版持续更新,/,https://pan.xunlei.com/s/VOqAO_4Z9mCub5BqFUZsdvutA1?pwd=btdr#,https://pan.quark.cn/s/79380f279d00,/,
下载加速,IDM下载神器,IDM_v6.42.40,/,https://pan.xunlei.com/s/VOqAOfkHv2SW-Na2vTKflPl9A1?pwd=kk45#,https://pan.quark.cn/s/2c9fd4fafaa1,/,
下载加速,IDM下载神器,IDM_v6.42,/,https://pan.xunlei.com/s/VOqAOi6dSahhd8hf0UU8tSfkA1?pwd=z9cr#,https://pan.quark.cn/s/6e35f181a6b2,/,
下载加速,IDM下载神器,IDM 安装包和激活工具,/,https://pan.xunlei.com/s/VOqAOrqphHUUfO1jreMj-c2AA1?pwd=un3m#,https://pan.quark.cn/s/053ea4c4a81f,/,
下载加速,雷神加速器,雷神加速器,/,https://pan.xunlei.com/s/VOxTXEMDNZzy6pkpLMCZtBroA1?pwd=4gtg#,/,/,
下载加速,给梨加速器（免费会员）,给梨加速器（免费会员）,/,/,/,/,
实用工具,万能工具箱,万能工具箱,/,https://pan.xunlei.com/s/VOMQXqNsExitxBhSeoreUm18A1?pwd=tm27#,/,/,
实用工具,强力卸载工具,流氓软件卸载工具geek,/,https://pan.xunlei.com/s/VOUNM_qc77JAjYTYpi2wLLwYA1?pwd=zuwx#,https://pan.quark.cn/s/4d3e03c0241e,/,
实用工具,强力卸载工具,卸载工具Revo Uninstaller,/,https://pan.xunlei.com/s/VOMNImzrLnQQ-maMD1tctAiMA1?pwd=2hxs#,/,/,
实用工具,强力卸载工具,卸载工具HiBit Uninstaller,/,https://pan.xunlei.com/s/VOMPUBS2ul-iSo0VAJUEm4f9A1?pwd=fwue#,/,/,
实用工具,强力卸载工具,HiBit Uninstaller 便携版（3.2.55.0）,/,/,https://pan.quark.cn/s/ab3fab3e0552,/,
实用工具,强力卸载工具,软件卸载工具Uninstall Tool,/,/,https://pan.quark.cn/s/cd04163cfd1c,/,
实用工具,DLL全能修复工具,4DDiG DLL Fixer最新版,/,https://pan.xunlei.com/s/VORshsihOPi6qKjezsmV1vPAA1?pwd=ipee#,/,/,
实用工具,DLL全能修复工具,DLL修复工具,/,https://pan.xunlei.com/s/VOMQXy7bC6tQm2WokN7WqSz3A1?pwd=6jbt#,/,/,
实用工具,directX和Dll修复工具大全,directx和DLL修复工具合集,/,https://pan.xunlei.com/s/VOTZeov3X9vwa0mKjTx7n6UqA1?pwd=q2au#,/,/,
实用工具,解压工具,WinRAR手机版,/,https://pan.xunlei.com/s/VORbJnZLQcl9wnEAeUVrxQeSA1?pwd=xzg6#,/,/,
实用工具,解压工具,WinRAR电脑版,/,https://pan.xunlei.com/s/VOMQZN1WgsHiG4tMfOX4gNhNA1?pwd=2asa#,/,/,
实用工具,解压工具,7-Zip安卓版,/,https://pan.xunlei.com/s/VOToDMGjdlsIfK82AYhooyZcA1?pwd=ezvf#,/,/,
实用工具,解压工具,7-Zip电脑版,/,https://pan.xunlei.com/s/VOMQZPY1C6tQm2WokN7Wr6DCA1?pwd=8u6p#,/,/,
实用工具,解压工具,Bandizip安卓版,/,https://pan.xunlei.com/s/VOToDQJfENsCYsDENKWpcx1HA1?pwd=46x2#,/,/,
实用工具,解压工具,Bandizip电脑版,/,https://pan.xunlei.com/s/VOMQZoymnoYsjEM380W0YgVtA1?pwd=7rta#,/,/,
实用工具,录屏软件,录屏软件合集,/,/,https://pan.quark.cn/s/51268dd1f5d5,/,
实用工具,AI配音工具,微软语音合成助手,/,/,https://pan.quark.cn/s/1d11774114aa,/,
实用工具,AI配音工具,一点红AI配音工具,/,/,https://pan.quark.cn/s/0800f56fb7a1,/,
实用工具,TV智能电视投影仪专用,智能电视投影,/,/,https://pan.quark.cn/s/d8fe84b5cebd,/,
实用工具,PDF工具合集,PDF-XChange合集,/,https://pan.xunlei.com/s/VOMQcGiemnEAeuRNIevEJsPXA1?pwd=t983#,/,/,
实用工具,PDF工具合集,PDF-Candy 2.9,/,https://pan.xunlei.com/s/VOMQcUWXnz5R8RueopNewuiyA1?pwd=89qe#,/,/,
实用工具,PDF工具合集,Solid Converter 10,/,https://pan.xunlei.com/s/VOMQcXdXWiKwh1P2X50CbCfWA1?pwd=dbp2#,/,/,
实用工具,卸载工具Revo_Uninstaller_Pro,Revo_Uninstaller_Pro_5.4.0,/,https://pan.xunlei.com/s/VOS3NBHesV2jFxbRrNYA-eiIA1?pwd=34w8#,https://pan.quark.cn/s/b907f6b1b167,/,
实用工具,卸载工具Revo_Uninstaller_Pro,Revo_Uninstaller_Pro_5.3.7,/,https://pan.xunlei.com/s/VOROYKKUjjL-gXFd_VT_FCIuA1?pwd=3jaa#,https://pan.quark.cn/s/afcf28b4caa0,/,
实用工具,万兴数据恢复,Wondershare Recoverit合集持续更新,/,https://pan.xunlei.com/s/VOTeFUrk8uKI4qMdrCvGKlgsA1?pwd=gdfe#,/,/,
实用工具,DiskGenius硬盘管理分区恢复工具,DiskGenius专业版,/,https://pan.xunlei.com/s/VOTyuHUa2RcQrrgFstwGoMokA1?pwd=gvab#,/,/,
实用工具,PDF工具,PDF24,/,https://pan.xunlei.com/s/VOVLFAInRjBLc-Dfv2idHzrQA1?pwd=i2xh#,/,/,
实用工具,桌面管理工具,Nexus,/,https://pan.xunlei.com/s/VOVMBkb9f0UFWxMC6JxgQMSyA1?pwd=5kq3#,/,/,
实用工具,雷神加速器,雷神加速器会员,/,https://pan.xunlei.com/s/VOvzexxvi_5lyLi29B1SETinA1?pwd=trk8#,https://pan.quark.cn/s/8c523fafc97c,/,
实用工具,PDF-XChange Editor,中文安装版,/,https://pan.xunlei.com/s/VO_HLjBLb7e6g4q2D-ZQKgjHA1?pwd=twg9#,/,/,
实用工具,PDF-XChange Editor,绿色免安装版,/,https://pan.xunlei.com/s/VO_HLmXyK2EK5Uo8ZYH3x9qBA1?pwd=952m#,/,/,
实用工具,格式转换,XRecode音频转换,/,https://pan.xunlei.com/s/VOW0LLb6x-fBQWxV42vqa3elA1?pwd=87x6#,/,/,
实用工具,格式转换,格式工厂FormatFactory,/,https://pan.xunlei.com/s/VOW0MG90_XwKmEEnhOHWLsiZA1?pwd=pf6q#,/,/,
实用工具,格式转换,视频压缩ShanaEncoder,/,https://pan.xunlei.com/s/VOW0NPE0_BBFsPixpPJix0iwA1?pwd=ugp9#,/,/,
实用工具,格式转换,视频转换Aiseesoft Video Converter,/,https://pan.xunlei.com/s/VOW0OrmfwZcva3xhSMZKtSdZA1?pwd=jype#,/,/,
实用工具,PDF-XChange Editor,PDF-XChange Editor持续更新,/,https://pan.xunlei.com/s/VOxTXP76j4FUJWI8kk-9qK6rA1?pwd=ptdm#,https://pan.quark.cn/s/5232baf27ecd,/,
实用工具,PDF工具,PDF24,/,https://pan.xunlei.com/s/VOxTXVpt0CtCSWI7ZKxJhVkYA1?pwd=aqe4#,https://pan.quark.cn/s/786ca0fb259c,/,
实用工具,PDF工具箱Icecream PDF Candy Desktop,Icecream PDF Candy Desktop PDF工具箱,/,https://pan.xunlei.com/s/VOtMfeCdz-lLnIVMqN-HqEoTA1?pwd=x9m4#,https://pan.quark.cn/s/b05fde094095,/,
实用工具,共享打印机报错修复,共享打印机报错修复工具,/,https://pan.xunlei.com/s/VOtWudifqAPK4b7br7mgWwglA1?pwd=7f7s#,https://pan.quark.cn/s/be565ec058e8,/,
实用工具,离线工具箱,离线工具箱版本合集,/,https://pan.xunlei.com/s/VOt46L7lVnRIufXHa39qiYPAA1?pwd=tpsm#,https://pan.quark.cn/s/580043fcbbcb,/,
实用工具,异地组网QtEasyTier,QtEasyTier版本合集,/,https://pan.xunlei.com/s/VOtHUPkzaa2HnGIwxRpX9vXhA1?pwd=z3zi#,https://pan.quark.cn/s/e745dc0f2c3e,/,
实用工具,星月工具箱,星月工具箱下载,/,https://pan.xunlei.com/s/VOtWxUWEGRzg3h-gUUcVm2NwA1?pwd=9y76#,https://pan.quark.cn/s/6d11d19393e3,/,
实用工具,鼠标连点Actus,鼠标连点工具 Actus Auto Clicker,/,https://pan.xunlei.com/s/VOtqYZV0eMABURQ1xwyknfWdA1?pwd=ggii#,https://pan.quark.cn/s/a581a93ea660,/,
实用工具,WinRAR解压缩,WinRAR最新版本持续更新中,/,https://pan.xunlei.com/s/VOu1Mt7sc8Vioi5rYzImT0nrA1?pwd=kpr7#,https://pan.quark.cn/s/e8bf71ce3121,/,
免费百宝库,电脑游戏,经典怀旧游戏合集包,/,https://pan.xunlei.com/s/VOT0BqtJVxQzSPYjb5eKktBUA1?pwd=z63f#,/,/,
免费百宝库,电脑游戏,怀旧老游戏,/,https://pan.xunlei.com/s/VOMUwuWQraLAGDIYaRXNMOHAA1?pwd=mx77#,/,/,
免费百宝库,手机游戏,手机游戏大全,/,/,https://pan.quark.cn/s/f9b951136f1c,/,
免费百宝库,各种解锁软件集合,各种解锁软件集合,/,/,https://pan.quark.cn/s/ba656039d0a3,/,
免费百宝库,电影视频软件,龙门视频,/,https://pan.xunlei.com/s/VOMXJVOj3cd0sACX4x5j0lrbA1?pwd=22bz#,/,/,
免费百宝库,电影视频软件,油条视频,/,https://pan.xunlei.com/s/VOMXJXhob1qOpZaeAedBhrNtA1?pwd=7cy6#,/,/,
免费百宝库,电影视频软件,速搜视频,/,https://pan.xunlei.com/s/VOMXJ_5tytJ14vC9ucAr2pz4A1?pwd=bgz5#,/,/,
免费百宝库,电影视频软件,大师兄影视,/,https://pan.xunlei.com/s/VOMXJbMP-g6JSo2qUpTpCk8IA1?pwd=h9hw#,/,/,
免费百宝库,电影视频软件,红果免费短剧,/,https://pan.xunlei.com/s/VOMXJPUxytJ14vC9ucAr2iLCA1?pwd=g935#,/,/,
免费百宝库,电影视频软件,星芽短剧,/,https://pan.xunlei.com/s/VOMXJRyOD1RENLZayygmtkZAA1?pwd=tkbb#,/,/,
免费百宝库,电影视频软件,追剧软件集合,/,/,https://pan.quark.cn/s/f5f450ca9a56,/,
免费百宝库,音乐软件,酷我音乐,/,https://pan.xunlei.com/s/VOMXFr3lCz1ockQZ1IV_aWwMA1?pwd=mntv#,/,/,
免费百宝库,音乐软件,网易云,/,https://pan.xunlei.com/s/VOMXG0sQZq67cBJEp4lA5HYyA1?pwd=bvp3#,/,/,
免费百宝库,音乐软件,魔音,/,https://pan.xunlei.com/s/VOMXG3qh3cd0sACX4x5izYHEA1?pwd=mxcd#,/,/,
免费百宝库,音乐软件,Fly音乐,/,https://pan.xunlei.com/s/VOMXGBl-L_C3v43dqbgYc6AQA1?pwd=ebij#,/,/,
免费百宝库,音乐软件,听歌软件合集,/,/,https://pan.quark.cn/s/0e2f651add5d,/,
免费百宝库,小说软件,蛋花小说,/,https://pan.xunlei.com/s/VOMXHZ_pgEsLegm6oGnXBhqsA1?pwd=gx7z#,/,/,
免费百宝库,小说软件,淘小说,/,https://pan.xunlei.com/s/VOMXHcL2-g6JSo2qUpTpBK_hA1?pwd=5q2d#,/,/,
免费百宝库,小说软件,塔读小说,/,https://pan.xunlei.com/s/VOMXHf3orAC3WkmyL6eDJQJzA1?pwd=c7sq#,/,/,
免费百宝库,小说软件,书旗小说,/,https://pan.xunlei.com/s/VOMXHhXy3cd0sACX4x5j-ZyPA1?pwd=zdwb#,/,/,
免费百宝库,小说软件,笔趣阁,/,https://pan.xunlei.com/s/VOMXHjtFuL5kz_Qg5tnZSWzDA1?pwd=7xsu#,/,/,
免费百宝库,小说软件,番茄小说,/,https://pan.xunlei.com/s/VOMXHm91zBjvgtYSL7iZ1S1ZA1?pwd=iht6#,/,/,
免费百宝库,小说软件,顶点小说,/,https://pan.xunlei.com/s/VOMXHoSg3liF3EjfgR46izRmA1?pwd=umka#,/,/,
免费百宝库,小说软件,七猫免费小说,/,https://pan.xunlei.com/s/VOMXHqqmb1qOpZaeAedBgejTA1?pwd=v3ny#,/,/,
免费百宝库,小说软件,小说软件集合,/,/,https://pan.quark.cn/s/3ec4a7a10f9e,/,
免费百宝库,小说软件,听书软件集合,/,/,https://pan.quark.cn/s/9d11da8dcab1,/,
免费百宝库,每日壁纸更新,电脑壁纸,/,/,https://pan.quark.cn/s/ba4bdb5c74b0,/,
正版必装应用,系统下载,Windows 11,/,/,/,https://www.microsoft.com/zh-cn/software-download/windows11/,
正版必装应用,系统下载,Windows 10,/,/,/,https://www.microsoft.com/zh-cn/software-download/windows10/,
正版必装应用,杀毒软件,火绒安全,/,/,/,https://www.huorong.cn/,
正版必装应用,优化软件,Advanced Systemcare,/,/,/,https://www.qiuquan.org/systemtool/advanced-systemcare.html,
正版必装应用,优化软件,Mem Reduct,/,/,/,https://github.com/henrypp/memreduct/releases/,
正版必装应用,优化软件,Uninstall Tool,/,/,/,https://www.qiuquan.org/systemtool/uninstall.html,
正版必装应用,效率工具,Bandzip,/,/,/,https://www.bandisoft.com/bandizip/,
正版必装应用,效率工具,Pixpin,/,/,/,https://pixpin.cn/,
正版必装应用,效率工具,网易有道翻译,/,/,/,https://www.youdao.com/,
正版必装应用,效率工具,百度翻译,/,/,/,https://fanyi.baidu.com/,
正版必装应用,效率工具,Google翻译,/,/,/,https://translate.google.com/‌,
正版必装应用,效率工具,微信输入法,/,/,/,https://z.weixin.qq.com/,
正版必装应用,效率工具,Bili23 Downloader,/,/,/,https://bili23.scott-sloan.cn/,
正版必装应用,效率工具,网易邮箱大师,/,/,/,https://dashi.163.com/,
正版必装应用,效率工具,Everything,/,/,/,https://www.voidtools.com/zh-cn/downloads/,
正版必装应用,效率工具,Everything Toolbar,/,/,/,https://github.com/srwi/EverythingToolbar,
正版必装应用,效率工具,123网盘,/,/,/,https://www.123pan.com/,
正版必装应用,效率工具,阿里云盘,/,/,/,https://www.alipan.com/,
正版必装应用,效率工具,百度网盘,/,/,/,https://pan.baidu.com/,
正版必装应用,效率工具,夸克网盘,/,/,/,https://pan.quark.cn/,
正版必装应用,效率工具,迅雷云盘,/,/,/,https://pan.xunlei.com/login/,
正版必装应用,效率工具,Google云盘,/,/,/,https://www.google.com/drive/,
正版必装应用,效率工具,OneDrive,/,/,/,https://skydrive.live.com/login,
正版必装应用,效率工具,中国移动云,/,/,/,https://yun.139.com/w/#/,
正版必装应用,效率工具,城通网盘,/,/,/,https://www.ctfile.com/,
正版必装应用,效率工具,文叔叔,/,/,/,https://www.wenshushu.cn/,
正版必装应用,效率工具,蓝奏云,/,/,/,https://up.woozooo.com/,
正版必装应用,效率工具,坚果云,/,/,/,https://www.jianguoyun.com/,
正版必装应用,效率工具,天翼云,/,/,/,https://cloud.189.cn/web/login.html,
正版必装应用,效率工具,UC网盘,/,/,/,https://drive.uc.cn/,
正版必装应用,效率工具,iCloud,/,/,/,https://www.icloud.com/,
正版必装应用,效率工具,115网盘,/,/,/,https://115.com/?goto=http%3A%2F%2F115.com%2F%3Ftab%3Doffline%26mode%3Dwangpan,
正版必装应用,效率工具,腾讯微云,/,/,/,https://www.weiyun.com/,
正版必装应用,效率工具,快兔网盘,/,/,/,https://diskyun.com/login,
正版必装应用,效率工具,Microsoft Edge,/,/,/,https://explore.microsoft.com/zh-cn/edge/download,
正版必装应用,效率工具,Google Chrome,/,/,/,https://www.google.cn/chrome/index.html,
正版必装应用,效率工具,Firefox,/,/,/,https://www.firefox.com/zh-CN/,
正版必装应用,效率工具,Opera浏览器,/,/,/,https://www.opera.com/zh-cn,
正版必装应用,效率工具,Brave浏览器,/,/,/,https://brave.com/,
正版必装应用,效率工具,Auto Dark Mode,/,/,/,https://apps.microsoft.com/detail/xp8jk4hzbvf435?hl=zh-CN,
正版必装应用,效率工具,WinDynamicDesktop,/,/,/,https://apps.microsoft.com/detail/9nm8n7dq3z5f?hl=zh-CN&gl=CN,
正版必装应用,效率工具,Dism 图形界面,/,/,/,https://apps.microsoft.com/detail/9p90zdp3f501?hl=zh-CN&gl=CN,
正版必装应用,效率工具,谷歌地球大陆版,/,/,/,https://www.gggis.com/,
正版必装应用,效率工具,图吧工具箱winui3,/,/,/,https://apps.microsoft.com/detail/9p15095x7mgb?hl=zh-CN&gl=HK,
正版必装应用,效率工具,MoePal,/,/,/,https://mn.moepal.top/moepal/,
正版必装应用,效率工具,能源之星X,/,/,/,https://apps.microsoft.com/detail/9nf7jtb3b17p?hl=zh-CN&gl=HK,
正版必装应用,效率工具,QuickLook,/,/,/,https://apps.microsoft.com/detail/9nv4bs3l1h4s?hl=zh-CN&gl=HK,
正版必装应用,效率工具,Vivid Player - HDR视频播放器,/,/,/,https://apps.microsoft.com/detail/9pf8wt09d2nt?hl=zh-CN&gl=CN,
正版必装应用,效率工具,果核看图,/,/,/,https://pic.ghxi.com/,
正版必装应用,效率工具,腾讯文档,/,/,/,https://docs.qq.com/,
正版必装应用,效率工具,金山文档,/,/,/,https://www.kdocs.cn/,
正版必装应用,聊天,微信,/,/,/,https://weixin.qq.com/,
正版必装应用,聊天,QQ,/,/,/,https://im.qq.com/index/#/,
正版必装应用,聊天,钉钉,/,/,/,https://www.dingtalk.com/,
正版必装应用,聊天,飞书,/,/,/,https://www.feishu.cn/,
正版必装应用,聊天,TIM,/,/,/,https://office.qq.com/,
正版必装应用,运行库工具,Visual C++运行库合集轻量版,/,/,/,https://www.qiuquan.org/systemtool/redistributable.html,
正版必装应用,运行库工具,Clash Verge,/,/,/,https://github.com/clash-verge-rev/clash-verge-rev/releases/tag/v2.5.2,
正版必装应用,运行库工具,Python,/,/,/,https://www.python.org/,
正版必装应用,运行库工具,JAVA,/,/,/,https://www.java.com/en/,
正版必装应用,运行库工具,Git,/,/,/,https://git-scm.com/,
正版必装应用,运行库工具,Visual Studio,/,/,/,https://visualstudio.microsoft.com/zh-hans/,
正版必装应用,运行库工具,Sangfor EasyConnect,/,/,/,https://www.sangfor.com/cybersecurity/products/easyconnect,
正版必装应用,AI工具,Chatbox,/,/,/,https://chatboxai.app/zh,
正版必装应用,AI工具,Cherry Studio,/,/,/,https://cherryai.com.cn/,
正版必装应用,AI工具,CodeBuddy,/,/,/,https://copilot.tencent.com/home/,
正版必装应用,AI工具,WorkBuddy,/,/,/,https://copilot.tencent.com/work/,
正版必装应用,娱乐创造力,哔哩哔哩,/,/,/,https://www.bilibili.com/,
正版必装应用,娱乐创造力,Steam,/,/,/,https://store.steampowered.com/,
正版必装应用,娱乐创造力,Apple Music,/,/,/,https://www.apple.com.cn/apple-music/,
正版必装应用,娱乐创造力,网易云音乐,/,/,/,https://music.163.com/,
正版必装应用,娱乐创造力,Wallpaper engine,/,/,/,https://www.wallpaperengine.io/zh-hans,
正版必装应用,娱乐创造力,瓜子影视,/,/,/,https://aerioncorea.com/,
